/*
 Navicat Premium Data Transfer

 Source Server         : localhost
 Source Server Type    : MySQL
 Source Server Version : 50734
 Source Host           : localhost:3306
 Source Schema         : aplikasi_dariza

 Target Server Type    : MySQL
 Target Server Version : 50734
 File Encoding         : 65001

 Date: 17/02/2023 18:47:52
*/

SET NAMES utf8mb4;
SET FOREIGN_KEY_CHECKS = 0;

-- ----------------------------
-- Table structure for booking
-- ----------------------------
DROP TABLE IF EXISTS `booking`;
CREATE TABLE `booking`  (
  `id` int(11) NOT NULL AUTO_INCREMENT,
  `venue_id` int(11) NULL DEFAULT NULL,
  `venue_field_id` int(11) NULL DEFAULT NULL,
  `user_member_id` int(11) NULL DEFAULT NULL,
  `invoice_no` varchar(255) CHARACTER SET utf8mb4 COLLATE utf8mb4_general_ci NULL DEFAULT NULL,
  `booking_date` date NULL DEFAULT NULL,
  `start_play` time(0) NULL DEFAULT NULL,
  `end_play` time(0) NULL DEFAULT NULL,
  `total_payment` varchar(255) CHARACTER SET utf8mb4 COLLATE utf8mb4_general_ci NULL DEFAULT NULL,
  `status` int(11) NULL DEFAULT NULL,
  `withdrawal_status` int(11) NULL DEFAULT 0,
  `duitku_detail` text CHARACTER SET utf8mb4 COLLATE utf8mb4_general_ci NULL,
  `created_at` datetime(0) NULL DEFAULT NULL,
  `updated_at` datetime(0) NULL DEFAULT NULL,
  `deleted_at` datetime(0) NULL DEFAULT NULL,
  PRIMARY KEY (`id`) USING BTREE,
  INDEX `user_member_id`(`user_member_id`) USING BTREE,
  CONSTRAINT `booking_ibfk_1` FOREIGN KEY (`user_member_id`) REFERENCES `user_member` (`id`) ON DELETE RESTRICT ON UPDATE RESTRICT
) ENGINE = InnoDB AUTO_INCREMENT = 4 CHARACTER SET = utf8mb4 COLLATE = utf8mb4_general_ci ROW_FORMAT = Dynamic;

-- ----------------------------
-- Records of booking
-- ----------------------------
INSERT INTO `booking` VALUES (1, 1, 1, 1, 'INV-2023020300001', '2023-02-06', '10:00:00', '12:00:00', '225000', 2, 0, NULL, '2023-02-03 14:37:05', '2023-02-17 10:21:42', NULL);
INSERT INTO `booking` VALUES (2, 2, 3, 2, 'INV-2023020300002', '2023-02-04', '08:00:00', '09:00:00', '50000', 1, 0, NULL, '2023-02-03 17:14:27', '2023-02-03 17:14:37', NULL);
INSERT INTO `booking` VALUES (3, 1, 1, 1, 'INV-2023021700003', '2023-02-20', '08:00:00', '10:00:00', '225000', 1, 1, '{\"merchantCode\":\"DS15008\",\"reference\":\"DS1500823EV213CIE2WYBKYI\",\"paymentUrl\":\"https://sandbox.duitku.com/topup/topupdirectv2.aspx?ref=A123EF3M0U168KK04JB\",\"vaNumber\":\"782870187788188\",\"amount\":\"225000\",\"statusCode\":\"00\",\"statusMessage\":\"SUCCESS\"}', '2023-02-17 02:04:26', '2023-02-17 10:23:37', NULL);

-- ----------------------------
-- Table structure for booking_detail
-- ----------------------------
DROP TABLE IF EXISTS `booking_detail`;
CREATE TABLE `booking_detail`  (
  `id` int(11) NOT NULL AUTO_INCREMENT,
  `booking_id` int(11) NULL DEFAULT NULL,
  `type` varchar(255) CHARACTER SET utf8mb4 COLLATE utf8mb4_general_ci NULL DEFAULT NULL COMMENT 'field, tools',
  `venue_field_id` int(11) NULL DEFAULT 0,
  `sport_tools_id` int(11) NULL DEFAULT 0,
  `price` decimal(10, 2) NULL DEFAULT NULL,
  `qty` int(11) NULL DEFAULT NULL,
  `total_price` decimal(10, 2) NULL DEFAULT NULL,
  `created_at` datetime(0) NULL DEFAULT NULL,
  `updated_at` datetime(0) NULL DEFAULT NULL,
  `deleted_at` datetime(0) NULL DEFAULT NULL,
  PRIMARY KEY (`id`) USING BTREE,
  INDEX `booking_id`(`booking_id`) USING BTREE,
  CONSTRAINT `booking_detail_ibfk_1` FOREIGN KEY (`booking_id`) REFERENCES `booking` (`id`) ON DELETE RESTRICT ON UPDATE RESTRICT
) ENGINE = InnoDB AUTO_INCREMENT = 6 CHARACTER SET = utf8mb4 COLLATE = utf8mb4_general_ci ROW_FORMAT = Dynamic;

-- ----------------------------
-- Records of booking_detail
-- ----------------------------
INSERT INTO `booking_detail` VALUES (1, 1, 'field', 1, 0, 100000.00, 2, 200000.00, '2023-02-03 15:14:07', '2023-02-03 15:14:07', NULL);
INSERT INTO `booking_detail` VALUES (2, 1, 'tools', 0, 1, 25000.00, 1, 25000.00, '2023-02-03 15:24:34', '2023-02-03 15:24:37', NULL);
INSERT INTO `booking_detail` VALUES (3, 2, 'field', 3, 0, 50000.00, 1, 50000.00, '2023-02-03 19:23:10', '2023-02-03 19:23:12', NULL);
INSERT INTO `booking_detail` VALUES (4, 3, 'field', 1, 0, 100000.00, 2, 200000.00, '2023-02-17 02:04:26', '2023-02-17 02:04:26', NULL);
INSERT INTO `booking_detail` VALUES (5, 3, 'tools', 0, 2, 25000.00, 1, 25000.00, '2023-02-17 02:04:26', '2023-02-17 02:04:26', NULL);

-- ----------------------------
-- Table structure for booking_time_detail
-- ----------------------------
DROP TABLE IF EXISTS `booking_time_detail`;
CREATE TABLE `booking_time_detail`  (
  `id` int(11) NOT NULL AUTO_INCREMENT,
  `booking_id` int(11) NULL DEFAULT NULL,
  `time_data_id` int(11) NULL DEFAULT NULL,
  `created_at` datetime(0) NULL DEFAULT NULL,
  `updated_at` datetime(0) NULL DEFAULT NULL,
  `deleted_at` datetime(0) NULL DEFAULT NULL,
  PRIMARY KEY (`id`) USING BTREE,
  INDEX `time_data_id`(`time_data_id`) USING BTREE,
  INDEX `booking_id`(`booking_id`) USING BTREE,
  CONSTRAINT `booking_time_detail_ibfk_1` FOREIGN KEY (`time_data_id`) REFERENCES `time_data` (`id`) ON DELETE RESTRICT ON UPDATE RESTRICT,
  CONSTRAINT `booking_time_detail_ibfk_2` FOREIGN KEY (`booking_id`) REFERENCES `booking` (`id`) ON DELETE RESTRICT ON UPDATE RESTRICT
) ENGINE = InnoDB AUTO_INCREMENT = 6 CHARACTER SET = utf8mb4 COLLATE = utf8mb4_general_ci ROW_FORMAT = Dynamic;

-- ----------------------------
-- Records of booking_time_detail
-- ----------------------------
INSERT INTO `booking_time_detail` VALUES (1, 1, 5, '2023-02-03 15:25:24', '2023-02-03 15:25:26', NULL);
INSERT INTO `booking_time_detail` VALUES (2, 1, 6, '2023-02-03 15:25:26', '2023-02-03 15:25:26', NULL);
INSERT INTO `booking_time_detail` VALUES (3, 2, 3, NULL, NULL, NULL);
INSERT INTO `booking_time_detail` VALUES (4, 3, 3, '2023-02-17 02:04:26', '2023-02-17 02:04:26', NULL);
INSERT INTO `booking_time_detail` VALUES (5, 3, 4, '2023-02-17 02:04:27', '2023-02-17 02:04:27', NULL);

-- ----------------------------
-- Table structure for categories
-- ----------------------------
DROP TABLE IF EXISTS `categories`;
CREATE TABLE `categories`  (
  `id` int(11) NOT NULL AUTO_INCREMENT,
  `category_name` varchar(255) CHARACTER SET utf8mb4 COLLATE utf8mb4_general_ci NULL DEFAULT NULL,
  `banner_image` varchar(255) CHARACTER SET utf8mb4 COLLATE utf8mb4_general_ci NULL DEFAULT NULL,
  `created_at` datetime(0) NULL DEFAULT NULL,
  `updated_at` datetime(0) NULL DEFAULT NULL,
  `deleted_at` datetime(0) NULL DEFAULT NULL,
  PRIMARY KEY (`id`) USING BTREE
) ENGINE = InnoDB AUTO_INCREMENT = 4 CHARACTER SET = utf8mb4 COLLATE = utf8mb4_general_ci ROW_FORMAT = Dynamic;

-- ----------------------------
-- Records of categories
-- ----------------------------
INSERT INTO `categories` VALUES (1, 'Futsal', 'banner-1675146794.jpg', '2023-01-31 06:33:14', '2023-01-31 06:33:14', NULL);
INSERT INTO `categories` VALUES (2, 'Basket', 'banner-1675147363.jpg', '2023-01-31 06:42:43', '2023-01-31 06:42:43', NULL);
INSERT INTO `categories` VALUES (3, 'Tennis', 'banner-1675147416.jpg', '2023-01-31 06:43:36', '2023-01-31 06:44:49', '2023-01-31 06:44:49');

-- ----------------------------
-- Table structure for duitku_callback_log
-- ----------------------------
DROP TABLE IF EXISTS `duitku_callback_log`;
CREATE TABLE `duitku_callback_log`  (
  `id` int(11) NOT NULL AUTO_INCREMENT,
  `return_callback` longtext CHARACTER SET utf8mb4 COLLATE utf8mb4_general_ci NULL,
  `created_at` datetime(0) NULL DEFAULT NULL,
  `updated_at` datetime(0) NULL DEFAULT NULL,
  PRIMARY KEY (`id`) USING BTREE
) ENGINE = InnoDB AUTO_INCREMENT = 1 CHARACTER SET = utf8mb4 COLLATE = utf8mb4_general_ci ROW_FORMAT = Dynamic;

-- ----------------------------
-- Table structure for matchmaking_lobby
-- ----------------------------
DROP TABLE IF EXISTS `matchmaking_lobby`;
CREATE TABLE `matchmaking_lobby`  (
  `id` int(11) NOT NULL AUTO_INCREMENT,
  `team_id` int(11) NULL DEFAULT NULL,
  `venue_id` int(11) NULL DEFAULT NULL,
  `category_id` int(11) NULL DEFAULT NULL,
  `title` varchar(255) CHARACTER SET utf8mb4 COLLATE utf8mb4_general_ci NULL DEFAULT NULL,
  `description` text CHARACTER SET utf8mb4 COLLATE utf8mb4_general_ci NULL,
  `status` int(11) NULL DEFAULT 0,
  `created_at` datetime(0) NULL DEFAULT NULL,
  `updated_at` datetime(0) NULL DEFAULT NULL,
  `deleted_at` datetime(0) NULL DEFAULT NULL,
  PRIMARY KEY (`id`) USING BTREE,
  INDEX `team_id`(`team_id`) USING BTREE,
  CONSTRAINT `matchmaking_lobby_ibfk_1` FOREIGN KEY (`team_id`) REFERENCES `teams` (`id`) ON DELETE RESTRICT ON UPDATE RESTRICT
) ENGINE = InnoDB AUTO_INCREMENT = 3 CHARACTER SET = utf8mb4 COLLATE = utf8mb4_general_ci ROW_FORMAT = Dynamic;

-- ----------------------------
-- Records of matchmaking_lobby
-- ----------------------------
INSERT INTO `matchmaking_lobby` VALUES (1, 1, 1, 1, 'Di cari lawan Futsal', 'Lawan Futsan hari kamis jam 5 Sore siapa mau\nBayar merata', 0, '2023-02-17 07:55:10', '2023-02-17 07:55:10', NULL);

-- ----------------------------
-- Table structure for matchmaking_lobby_request
-- ----------------------------
DROP TABLE IF EXISTS `matchmaking_lobby_request`;
CREATE TABLE `matchmaking_lobby_request`  (
  `id` int(11) NOT NULL AUTO_INCREMENT,
  `matchmaking_lobby_id` int(11) NULL DEFAULT NULL,
  `team_id` int(11) NULL DEFAULT NULL,
  `created_at` datetime(0) NULL DEFAULT NULL,
  `updated_at` datetime(0) NULL DEFAULT NULL,
  `deleted_at` datetime(0) NULL DEFAULT NULL,
  PRIMARY KEY (`id`) USING BTREE,
  INDEX `matchmaking_lobby_id`(`matchmaking_lobby_id`) USING BTREE,
  INDEX `team_id`(`team_id`) USING BTREE,
  CONSTRAINT `matchmaking_lobby_request_ibfk_1` FOREIGN KEY (`team_id`) REFERENCES `teams` (`id`) ON DELETE RESTRICT ON UPDATE RESTRICT,
  CONSTRAINT `matchmaking_lobby_request_ibfk_2` FOREIGN KEY (`matchmaking_lobby_id`) REFERENCES `matchmaking_lobby` (`id`) ON DELETE RESTRICT ON UPDATE RESTRICT
) ENGINE = InnoDB AUTO_INCREMENT = 2 CHARACTER SET = utf8mb4 COLLATE = utf8mb4_general_ci ROW_FORMAT = Dynamic;

-- ----------------------------
-- Records of matchmaking_lobby_request
-- ----------------------------
INSERT INTO `matchmaking_lobby_request` VALUES (1, 1, 2, '2023-02-17 08:19:38', '2023-02-17 08:19:38', NULL);

-- ----------------------------
-- Table structure for provinces
-- ----------------------------
DROP TABLE IF EXISTS `provinces`;
CREATE TABLE `provinces`  (
  `id` int(11) NOT NULL,
  `name` varchar(255) CHARACTER SET utf8 COLLATE utf8_unicode_ci NOT NULL,
  `created_at` datetime(0) NULL DEFAULT NULL,
  `updated_at` datetime(0) NULL DEFAULT NULL,
  `deleted_at` datetime(0) NULL DEFAULT NULL,
  PRIMARY KEY (`id`) USING BTREE
) ENGINE = InnoDB CHARACTER SET = utf8 COLLATE = utf8_unicode_ci ROW_FORMAT = Dynamic;

-- ----------------------------
-- Records of provinces
-- ----------------------------
INSERT INTO `provinces` VALUES (11, 'ACEH', NULL, NULL, NULL);
INSERT INTO `provinces` VALUES (12, 'SUMATERA UTARA', NULL, NULL, NULL);
INSERT INTO `provinces` VALUES (13, 'SUMATERA BARAT', NULL, NULL, NULL);
INSERT INTO `provinces` VALUES (14, 'RIAU', NULL, NULL, NULL);
INSERT INTO `provinces` VALUES (15, 'JAMBI', NULL, NULL, NULL);
INSERT INTO `provinces` VALUES (16, 'SUMATERA SELATAN', NULL, NULL, NULL);
INSERT INTO `provinces` VALUES (17, 'BENGKULU', NULL, NULL, NULL);
INSERT INTO `provinces` VALUES (18, 'LAMPUNG', NULL, NULL, NULL);
INSERT INTO `provinces` VALUES (19, 'KEPULAUAN BANGKA BELITUNG', NULL, NULL, NULL);
INSERT INTO `provinces` VALUES (21, 'KEPULAUAN RIAU', NULL, NULL, NULL);
INSERT INTO `provinces` VALUES (31, 'DKI JAKARTA', NULL, NULL, NULL);
INSERT INTO `provinces` VALUES (32, 'JAWA BARAT', NULL, NULL, NULL);
INSERT INTO `provinces` VALUES (33, 'JAWA TENGAH', NULL, NULL, NULL);
INSERT INTO `provinces` VALUES (34, 'DI YOGYAKARTA', NULL, NULL, NULL);
INSERT INTO `provinces` VALUES (35, 'JAWA TIMUR', NULL, NULL, NULL);
INSERT INTO `provinces` VALUES (36, 'BANTEN', NULL, NULL, NULL);
INSERT INTO `provinces` VALUES (51, 'BALI', NULL, NULL, NULL);
INSERT INTO `provinces` VALUES (52, 'NUSA TENGGARA BARAT', NULL, NULL, NULL);
INSERT INTO `provinces` VALUES (53, 'NUSA TENGGARA TIMUR', NULL, NULL, NULL);
INSERT INTO `provinces` VALUES (61, 'KALIMANTAN BARAT', NULL, NULL, NULL);
INSERT INTO `provinces` VALUES (62, 'KALIMANTAN TENGAH', NULL, NULL, NULL);
INSERT INTO `provinces` VALUES (63, 'KALIMANTAN SELATAN', NULL, NULL, NULL);
INSERT INTO `provinces` VALUES (64, 'KALIMANTAN TIMUR', NULL, NULL, NULL);
INSERT INTO `provinces` VALUES (65, 'KALIMANTAN UTARA', NULL, NULL, NULL);
INSERT INTO `provinces` VALUES (71, 'SULAWESI UTARA', NULL, NULL, NULL);
INSERT INTO `provinces` VALUES (72, 'SULAWESI TENGAH', NULL, NULL, NULL);
INSERT INTO `provinces` VALUES (73, 'SULAWESI SELATAN', NULL, NULL, NULL);
INSERT INTO `provinces` VALUES (74, 'SULAWESI TENGGARA', NULL, NULL, NULL);
INSERT INTO `provinces` VALUES (75, 'GORONTALO', NULL, NULL, NULL);
INSERT INTO `provinces` VALUES (76, 'SULAWESI BARAT', NULL, NULL, NULL);
INSERT INTO `provinces` VALUES (81, 'MALUKU', NULL, NULL, NULL);
INSERT INTO `provinces` VALUES (82, 'MALUKU UTARA', NULL, NULL, NULL);
INSERT INTO `provinces` VALUES (91, 'PAPUA BARAT', NULL, NULL, NULL);
INSERT INTO `provinces` VALUES (94, 'PAPUA', NULL, NULL, NULL);

-- ----------------------------
-- Table structure for regencies
-- ----------------------------
DROP TABLE IF EXISTS `regencies`;
CREATE TABLE `regencies`  (
  `id` int(11) NOT NULL,
  `province_id` int(11) NOT NULL,
  `name` varchar(255) CHARACTER SET utf8 COLLATE utf8_unicode_ci NOT NULL,
  `created_at` datetime(0) NULL DEFAULT NULL,
  `updated_at` datetime(0) NULL DEFAULT NULL,
  `deleted_at` datetime(0) NULL DEFAULT NULL,
  PRIMARY KEY (`id`) USING BTREE,
  INDEX `regencies_province_id_index`(`province_id`) USING BTREE,
  CONSTRAINT `regencies_ibfk_1` FOREIGN KEY (`province_id`) REFERENCES `provinces` (`id`) ON DELETE RESTRICT ON UPDATE RESTRICT
) ENGINE = InnoDB CHARACTER SET = utf8 COLLATE = utf8_unicode_ci ROW_FORMAT = Dynamic;

-- ----------------------------
-- Records of regencies
-- ----------------------------
INSERT INTO `regencies` VALUES (1101, 11, 'KABUPATEN SIMEULUE', NULL, NULL, NULL);
INSERT INTO `regencies` VALUES (1102, 11, 'KABUPATEN ACEH SINGKIL', NULL, NULL, NULL);
INSERT INTO `regencies` VALUES (1103, 11, 'KABUPATEN ACEH SELATAN', NULL, NULL, NULL);
INSERT INTO `regencies` VALUES (1104, 11, 'KABUPATEN ACEH TENGGARA', NULL, NULL, NULL);
INSERT INTO `regencies` VALUES (1105, 11, 'KABUPATEN ACEH TIMUR', NULL, NULL, NULL);
INSERT INTO `regencies` VALUES (1106, 11, 'KABUPATEN ACEH TENGAH', NULL, NULL, NULL);
INSERT INTO `regencies` VALUES (1107, 11, 'KABUPATEN ACEH BARAT', NULL, NULL, NULL);
INSERT INTO `regencies` VALUES (1108, 11, 'KABUPATEN ACEH BESAR', NULL, NULL, NULL);
INSERT INTO `regencies` VALUES (1109, 11, 'KABUPATEN PIDIE', NULL, NULL, NULL);
INSERT INTO `regencies` VALUES (1110, 11, 'KABUPATEN BIREUEN', NULL, NULL, NULL);
INSERT INTO `regencies` VALUES (1111, 11, 'KABUPATEN ACEH UTARA', NULL, NULL, NULL);
INSERT INTO `regencies` VALUES (1112, 11, 'KABUPATEN ACEH BARAT DAYA', NULL, NULL, NULL);
INSERT INTO `regencies` VALUES (1113, 11, 'KABUPATEN GAYO LUES', NULL, NULL, NULL);
INSERT INTO `regencies` VALUES (1114, 11, 'KABUPATEN ACEH TAMIANG', NULL, NULL, NULL);
INSERT INTO `regencies` VALUES (1115, 11, 'KABUPATEN NAGAN RAYA', NULL, NULL, NULL);
INSERT INTO `regencies` VALUES (1116, 11, 'KABUPATEN ACEH JAYA', NULL, NULL, NULL);
INSERT INTO `regencies` VALUES (1117, 11, 'KABUPATEN BENER MERIAH', NULL, NULL, NULL);
INSERT INTO `regencies` VALUES (1118, 11, 'KABUPATEN PIDIE JAYA', NULL, NULL, NULL);
INSERT INTO `regencies` VALUES (1171, 11, 'KOTA BANDA ACEH', NULL, NULL, NULL);
INSERT INTO `regencies` VALUES (1172, 11, 'KOTA SABANG', NULL, NULL, NULL);
INSERT INTO `regencies` VALUES (1173, 11, 'KOTA LANGSA', NULL, NULL, NULL);
INSERT INTO `regencies` VALUES (1174, 11, 'KOTA LHOKSEUMAWE', NULL, NULL, NULL);
INSERT INTO `regencies` VALUES (1175, 11, 'KOTA SUBULUSSALAM', NULL, NULL, NULL);
INSERT INTO `regencies` VALUES (1201, 12, 'KABUPATEN NIAS', NULL, NULL, NULL);
INSERT INTO `regencies` VALUES (1202, 12, 'KABUPATEN MANDAILING NATAL', NULL, NULL, NULL);
INSERT INTO `regencies` VALUES (1203, 12, 'KABUPATEN TAPANULI SELATAN', NULL, NULL, NULL);
INSERT INTO `regencies` VALUES (1204, 12, 'KABUPATEN TAPANULI TENGAH', NULL, NULL, NULL);
INSERT INTO `regencies` VALUES (1205, 12, 'KABUPATEN TAPANULI UTARA', NULL, NULL, NULL);
INSERT INTO `regencies` VALUES (1206, 12, 'KABUPATEN TOBA SAMOSIR', NULL, NULL, NULL);
INSERT INTO `regencies` VALUES (1207, 12, 'KABUPATEN LABUHAN BATU', NULL, NULL, NULL);
INSERT INTO `regencies` VALUES (1208, 12, 'KABUPATEN ASAHAN', NULL, NULL, NULL);
INSERT INTO `regencies` VALUES (1209, 12, 'KABUPATEN SIMALUNGUN', NULL, NULL, NULL);
INSERT INTO `regencies` VALUES (1210, 12, 'KABUPATEN DAIRI', NULL, NULL, NULL);
INSERT INTO `regencies` VALUES (1211, 12, 'KABUPATEN KARO', NULL, NULL, NULL);
INSERT INTO `regencies` VALUES (1212, 12, 'KABUPATEN DELI SERDANG', NULL, NULL, NULL);
INSERT INTO `regencies` VALUES (1213, 12, 'KABUPATEN LANGKAT', NULL, NULL, NULL);
INSERT INTO `regencies` VALUES (1214, 12, 'KABUPATEN NIAS SELATAN', NULL, NULL, NULL);
INSERT INTO `regencies` VALUES (1215, 12, 'KABUPATEN HUMBANG HASUNDUTAN', NULL, NULL, NULL);
INSERT INTO `regencies` VALUES (1216, 12, 'KABUPATEN PAKPAK BHARAT', NULL, NULL, NULL);
INSERT INTO `regencies` VALUES (1217, 12, 'KABUPATEN SAMOSIR', NULL, NULL, NULL);
INSERT INTO `regencies` VALUES (1218, 12, 'KABUPATEN SERDANG BEDAGAI', NULL, NULL, NULL);
INSERT INTO `regencies` VALUES (1219, 12, 'KABUPATEN BATU BARA', NULL, NULL, NULL);
INSERT INTO `regencies` VALUES (1220, 12, 'KABUPATEN PADANG LAWAS UTARA', NULL, NULL, NULL);
INSERT INTO `regencies` VALUES (1221, 12, 'KABUPATEN PADANG LAWAS', NULL, NULL, NULL);
INSERT INTO `regencies` VALUES (1222, 12, 'KABUPATEN LABUHAN BATU SELATAN', NULL, NULL, NULL);
INSERT INTO `regencies` VALUES (1223, 12, 'KABUPATEN LABUHAN BATU UTARA', NULL, NULL, NULL);
INSERT INTO `regencies` VALUES (1224, 12, 'KABUPATEN NIAS UTARA', NULL, NULL, NULL);
INSERT INTO `regencies` VALUES (1225, 12, 'KABUPATEN NIAS BARAT', NULL, NULL, NULL);
INSERT INTO `regencies` VALUES (1271, 12, 'KOTA SIBOLGA', NULL, NULL, NULL);
INSERT INTO `regencies` VALUES (1272, 12, 'KOTA TANJUNG BALAI', NULL, NULL, NULL);
INSERT INTO `regencies` VALUES (1273, 12, 'KOTA PEMATANG SIANTAR', NULL, NULL, NULL);
INSERT INTO `regencies` VALUES (1274, 12, 'KOTA TEBING TINGGI', NULL, NULL, NULL);
INSERT INTO `regencies` VALUES (1275, 12, 'KOTA MEDAN', NULL, NULL, NULL);
INSERT INTO `regencies` VALUES (1276, 12, 'KOTA BINJAI', NULL, NULL, NULL);
INSERT INTO `regencies` VALUES (1277, 12, 'KOTA PADANGSIDIMPUAN', NULL, NULL, NULL);
INSERT INTO `regencies` VALUES (1278, 12, 'KOTA GUNUNGSITOLI', NULL, NULL, NULL);
INSERT INTO `regencies` VALUES (1301, 13, 'KABUPATEN KEPULAUAN MENTAWAI', NULL, NULL, NULL);
INSERT INTO `regencies` VALUES (1302, 13, 'KABUPATEN PESISIR SELATAN', NULL, NULL, NULL);
INSERT INTO `regencies` VALUES (1303, 13, 'KABUPATEN SOLOK', NULL, NULL, NULL);
INSERT INTO `regencies` VALUES (1304, 13, 'KABUPATEN SIJUNJUNG', NULL, NULL, NULL);
INSERT INTO `regencies` VALUES (1305, 13, 'KABUPATEN TANAH DATAR', NULL, NULL, NULL);
INSERT INTO `regencies` VALUES (1306, 13, 'KABUPATEN PADANG PARIAMAN', NULL, NULL, NULL);
INSERT INTO `regencies` VALUES (1307, 13, 'KABUPATEN AGAM', NULL, NULL, NULL);
INSERT INTO `regencies` VALUES (1308, 13, 'KABUPATEN LIMA PULUH KOTA', NULL, NULL, NULL);
INSERT INTO `regencies` VALUES (1309, 13, 'KABUPATEN PASAMAN', NULL, NULL, NULL);
INSERT INTO `regencies` VALUES (1310, 13, 'KABUPATEN SOLOK SELATAN', NULL, NULL, NULL);
INSERT INTO `regencies` VALUES (1311, 13, 'KABUPATEN DHARMASRAYA', NULL, NULL, NULL);
INSERT INTO `regencies` VALUES (1312, 13, 'KABUPATEN PASAMAN BARAT', NULL, NULL, NULL);
INSERT INTO `regencies` VALUES (1371, 13, 'KOTA PADANG', NULL, NULL, NULL);
INSERT INTO `regencies` VALUES (1372, 13, 'KOTA SOLOK', NULL, NULL, NULL);
INSERT INTO `regencies` VALUES (1373, 13, 'KOTA SAWAH LUNTO', NULL, NULL, NULL);
INSERT INTO `regencies` VALUES (1374, 13, 'KOTA PADANG PANJANG', NULL, NULL, NULL);
INSERT INTO `regencies` VALUES (1375, 13, 'KOTA BUKITTINGGI', NULL, NULL, NULL);
INSERT INTO `regencies` VALUES (1376, 13, 'KOTA PAYAKUMBUH', NULL, NULL, NULL);
INSERT INTO `regencies` VALUES (1377, 13, 'KOTA PARIAMAN', NULL, NULL, NULL);
INSERT INTO `regencies` VALUES (1401, 14, 'KABUPATEN KUANTAN SINGINGI', NULL, NULL, NULL);
INSERT INTO `regencies` VALUES (1402, 14, 'KABUPATEN INDRAGIRI HULU', NULL, NULL, NULL);
INSERT INTO `regencies` VALUES (1403, 14, 'KABUPATEN INDRAGIRI HILIR', NULL, NULL, NULL);
INSERT INTO `regencies` VALUES (1404, 14, 'KABUPATEN PELALAWAN', NULL, NULL, NULL);
INSERT INTO `regencies` VALUES (1405, 14, 'KABUPATEN S I A K', NULL, NULL, NULL);
INSERT INTO `regencies` VALUES (1406, 14, 'KABUPATEN KAMPAR', NULL, NULL, NULL);
INSERT INTO `regencies` VALUES (1407, 14, 'KABUPATEN ROKAN HULU', NULL, NULL, NULL);
INSERT INTO `regencies` VALUES (1408, 14, 'KABUPATEN BENGKALIS', NULL, NULL, NULL);
INSERT INTO `regencies` VALUES (1409, 14, 'KABUPATEN ROKAN HILIR', NULL, NULL, NULL);
INSERT INTO `regencies` VALUES (1410, 14, 'KABUPATEN KEPULAUAN MERANTI', NULL, NULL, NULL);
INSERT INTO `regencies` VALUES (1471, 14, 'KOTA PEKANBARU', NULL, NULL, NULL);
INSERT INTO `regencies` VALUES (1473, 14, 'KOTA D U M A I', NULL, NULL, NULL);
INSERT INTO `regencies` VALUES (1501, 15, 'KABUPATEN KERINCI', NULL, NULL, NULL);
INSERT INTO `regencies` VALUES (1502, 15, 'KABUPATEN MERANGIN', NULL, NULL, NULL);
INSERT INTO `regencies` VALUES (1503, 15, 'KABUPATEN SAROLANGUN', NULL, NULL, NULL);
INSERT INTO `regencies` VALUES (1504, 15, 'KABUPATEN BATANG HARI', NULL, NULL, NULL);
INSERT INTO `regencies` VALUES (1505, 15, 'KABUPATEN MUARO JAMBI', NULL, NULL, NULL);
INSERT INTO `regencies` VALUES (1506, 15, 'KABUPATEN TANJUNG JABUNG TIMUR', NULL, NULL, NULL);
INSERT INTO `regencies` VALUES (1507, 15, 'KABUPATEN TANJUNG JABUNG BARAT', NULL, NULL, NULL);
INSERT INTO `regencies` VALUES (1508, 15, 'KABUPATEN TEBO', NULL, NULL, NULL);
INSERT INTO `regencies` VALUES (1509, 15, 'KABUPATEN BUNGO', NULL, NULL, NULL);
INSERT INTO `regencies` VALUES (1571, 15, 'KOTA JAMBI', NULL, NULL, NULL);
INSERT INTO `regencies` VALUES (1572, 15, 'KOTA SUNGAI PENUH', NULL, NULL, NULL);
INSERT INTO `regencies` VALUES (1601, 16, 'KABUPATEN OGAN KOMERING ULU', NULL, NULL, NULL);
INSERT INTO `regencies` VALUES (1602, 16, 'KABUPATEN OGAN KOMERING ILIR', NULL, NULL, NULL);
INSERT INTO `regencies` VALUES (1603, 16, 'KABUPATEN MUARA ENIM', NULL, NULL, NULL);
INSERT INTO `regencies` VALUES (1604, 16, 'KABUPATEN LAHAT', NULL, NULL, NULL);
INSERT INTO `regencies` VALUES (1605, 16, 'KABUPATEN MUSI RAWAS', NULL, NULL, NULL);
INSERT INTO `regencies` VALUES (1606, 16, 'KABUPATEN MUSI BANYUASIN', NULL, NULL, NULL);
INSERT INTO `regencies` VALUES (1607, 16, 'KABUPATEN BANYU ASIN', NULL, NULL, NULL);
INSERT INTO `regencies` VALUES (1608, 16, 'KABUPATEN OGAN KOMERING ULU SELATAN', NULL, NULL, NULL);
INSERT INTO `regencies` VALUES (1609, 16, 'KABUPATEN OGAN KOMERING ULU TIMUR', NULL, NULL, NULL);
INSERT INTO `regencies` VALUES (1610, 16, 'KABUPATEN OGAN ILIR', NULL, NULL, NULL);
INSERT INTO `regencies` VALUES (1611, 16, 'KABUPATEN EMPAT LAWANG', NULL, NULL, NULL);
INSERT INTO `regencies` VALUES (1612, 16, 'KABUPATEN PENUKAL ABAB LEMATANG ILIR', NULL, NULL, NULL);
INSERT INTO `regencies` VALUES (1613, 16, 'KABUPATEN MUSI RAWAS UTARA', NULL, NULL, NULL);
INSERT INTO `regencies` VALUES (1671, 16, 'KOTA PALEMBANG', NULL, NULL, NULL);
INSERT INTO `regencies` VALUES (1672, 16, 'KOTA PRABUMULIH', NULL, NULL, NULL);
INSERT INTO `regencies` VALUES (1673, 16, 'KOTA PAGAR ALAM', NULL, NULL, NULL);
INSERT INTO `regencies` VALUES (1674, 16, 'KOTA LUBUKLINGGAU', NULL, NULL, NULL);
INSERT INTO `regencies` VALUES (1701, 17, 'KABUPATEN BENGKULU SELATAN', NULL, NULL, NULL);
INSERT INTO `regencies` VALUES (1702, 17, 'KABUPATEN REJANG LEBONG', NULL, NULL, NULL);
INSERT INTO `regencies` VALUES (1703, 17, 'KABUPATEN BENGKULU UTARA', NULL, NULL, NULL);
INSERT INTO `regencies` VALUES (1704, 17, 'KABUPATEN KAUR', NULL, NULL, NULL);
INSERT INTO `regencies` VALUES (1705, 17, 'KABUPATEN SELUMA', NULL, NULL, NULL);
INSERT INTO `regencies` VALUES (1706, 17, 'KABUPATEN MUKOMUKO', NULL, NULL, NULL);
INSERT INTO `regencies` VALUES (1707, 17, 'KABUPATEN LEBONG', NULL, NULL, NULL);
INSERT INTO `regencies` VALUES (1708, 17, 'KABUPATEN KEPAHIANG', NULL, NULL, NULL);
INSERT INTO `regencies` VALUES (1709, 17, 'KABUPATEN BENGKULU TENGAH', NULL, NULL, NULL);
INSERT INTO `regencies` VALUES (1771, 17, 'KOTA BENGKULU', NULL, NULL, NULL);
INSERT INTO `regencies` VALUES (1801, 18, 'KABUPATEN LAMPUNG BARAT', NULL, NULL, NULL);
INSERT INTO `regencies` VALUES (1802, 18, 'KABUPATEN TANGGAMUS', NULL, NULL, NULL);
INSERT INTO `regencies` VALUES (1803, 18, 'KABUPATEN LAMPUNG SELATAN', NULL, NULL, NULL);
INSERT INTO `regencies` VALUES (1804, 18, 'KABUPATEN LAMPUNG TIMUR', NULL, NULL, NULL);
INSERT INTO `regencies` VALUES (1805, 18, 'KABUPATEN LAMPUNG TENGAH', NULL, NULL, NULL);
INSERT INTO `regencies` VALUES (1806, 18, 'KABUPATEN LAMPUNG UTARA', NULL, NULL, NULL);
INSERT INTO `regencies` VALUES (1807, 18, 'KABUPATEN WAY KANAN', NULL, NULL, NULL);
INSERT INTO `regencies` VALUES (1808, 18, 'KABUPATEN TULANGBAWANG', NULL, NULL, NULL);
INSERT INTO `regencies` VALUES (1809, 18, 'KABUPATEN PESAWARAN', NULL, NULL, NULL);
INSERT INTO `regencies` VALUES (1810, 18, 'KABUPATEN PRINGSEWU', NULL, NULL, NULL);
INSERT INTO `regencies` VALUES (1811, 18, 'KABUPATEN MESUJI', NULL, NULL, NULL);
INSERT INTO `regencies` VALUES (1812, 18, 'KABUPATEN TULANG BAWANG BARAT', NULL, NULL, NULL);
INSERT INTO `regencies` VALUES (1813, 18, 'KABUPATEN PESISIR BARAT', NULL, NULL, NULL);
INSERT INTO `regencies` VALUES (1871, 18, 'KOTA BANDAR LAMPUNG', NULL, NULL, NULL);
INSERT INTO `regencies` VALUES (1872, 18, 'KOTA METRO', NULL, NULL, NULL);
INSERT INTO `regencies` VALUES (1901, 19, 'KABUPATEN BANGKA', NULL, NULL, NULL);
INSERT INTO `regencies` VALUES (1902, 19, 'KABUPATEN BELITUNG', NULL, NULL, NULL);
INSERT INTO `regencies` VALUES (1903, 19, 'KABUPATEN BANGKA BARAT', NULL, NULL, NULL);
INSERT INTO `regencies` VALUES (1904, 19, 'KABUPATEN BANGKA TENGAH', NULL, NULL, NULL);
INSERT INTO `regencies` VALUES (1905, 19, 'KABUPATEN BANGKA SELATAN', NULL, NULL, NULL);
INSERT INTO `regencies` VALUES (1906, 19, 'KABUPATEN BELITUNG TIMUR', NULL, NULL, NULL);
INSERT INTO `regencies` VALUES (1971, 19, 'KOTA PANGKAL PINANG', NULL, NULL, NULL);
INSERT INTO `regencies` VALUES (2101, 21, 'KABUPATEN KARIMUN', NULL, NULL, NULL);
INSERT INTO `regencies` VALUES (2102, 21, 'KABUPATEN BINTAN', NULL, NULL, NULL);
INSERT INTO `regencies` VALUES (2103, 21, 'KABUPATEN NATUNA', NULL, NULL, NULL);
INSERT INTO `regencies` VALUES (2104, 21, 'KABUPATEN LINGGA', NULL, NULL, NULL);
INSERT INTO `regencies` VALUES (2105, 21, 'KABUPATEN KEPULAUAN ANAMBAS', NULL, NULL, NULL);
INSERT INTO `regencies` VALUES (2171, 21, 'KOTA B A T A M', NULL, NULL, NULL);
INSERT INTO `regencies` VALUES (2172, 21, 'KOTA TANJUNG PINANG', NULL, NULL, NULL);
INSERT INTO `regencies` VALUES (3101, 31, 'KABUPATEN KEPULAUAN SERIBU', NULL, NULL, NULL);
INSERT INTO `regencies` VALUES (3171, 31, 'KOTA JAKARTA SELATAN', NULL, NULL, NULL);
INSERT INTO `regencies` VALUES (3172, 31, 'KOTA JAKARTA TIMUR', NULL, NULL, NULL);
INSERT INTO `regencies` VALUES (3173, 31, 'KOTA JAKARTA PUSAT', NULL, NULL, NULL);
INSERT INTO `regencies` VALUES (3174, 31, 'KOTA JAKARTA BARAT', NULL, NULL, NULL);
INSERT INTO `regencies` VALUES (3175, 31, 'KOTA JAKARTA UTARA', NULL, NULL, NULL);
INSERT INTO `regencies` VALUES (3201, 32, 'KABUPATEN BOGOR', NULL, NULL, NULL);
INSERT INTO `regencies` VALUES (3202, 32, 'KABUPATEN SUKABUMI', NULL, NULL, NULL);
INSERT INTO `regencies` VALUES (3203, 32, 'KABUPATEN CIANJUR', NULL, NULL, NULL);
INSERT INTO `regencies` VALUES (3204, 32, 'KABUPATEN BANDUNG', NULL, NULL, NULL);
INSERT INTO `regencies` VALUES (3205, 32, 'KABUPATEN GARUT', NULL, NULL, NULL);
INSERT INTO `regencies` VALUES (3206, 32, 'KABUPATEN TASIKMALAYA', NULL, NULL, NULL);
INSERT INTO `regencies` VALUES (3207, 32, 'KABUPATEN CIAMIS', NULL, NULL, NULL);
INSERT INTO `regencies` VALUES (3208, 32, 'KABUPATEN KUNINGAN', NULL, NULL, NULL);
INSERT INTO `regencies` VALUES (3209, 32, 'KABUPATEN CIREBON', NULL, NULL, NULL);
INSERT INTO `regencies` VALUES (3210, 32, 'KABUPATEN MAJALENGKA', NULL, NULL, NULL);
INSERT INTO `regencies` VALUES (3211, 32, 'KABUPATEN SUMEDANG', NULL, NULL, NULL);
INSERT INTO `regencies` VALUES (3212, 32, 'KABUPATEN INDRAMAYU', NULL, NULL, NULL);
INSERT INTO `regencies` VALUES (3213, 32, 'KABUPATEN SUBANG', NULL, NULL, NULL);
INSERT INTO `regencies` VALUES (3214, 32, 'KABUPATEN PURWAKARTA', NULL, NULL, NULL);
INSERT INTO `regencies` VALUES (3215, 32, 'KABUPATEN KARAWANG', NULL, NULL, NULL);
INSERT INTO `regencies` VALUES (3216, 32, 'KABUPATEN BEKASI', NULL, NULL, NULL);
INSERT INTO `regencies` VALUES (3217, 32, 'KABUPATEN BANDUNG BARAT', NULL, NULL, NULL);
INSERT INTO `regencies` VALUES (3218, 32, 'KABUPATEN PANGANDARAN', NULL, NULL, NULL);
INSERT INTO `regencies` VALUES (3271, 32, 'KOTA BOGOR', NULL, NULL, NULL);
INSERT INTO `regencies` VALUES (3272, 32, 'KOTA SUKABUMI', NULL, NULL, NULL);
INSERT INTO `regencies` VALUES (3273, 32, 'KOTA BANDUNG', NULL, NULL, NULL);
INSERT INTO `regencies` VALUES (3274, 32, 'KOTA CIREBON', NULL, NULL, NULL);
INSERT INTO `regencies` VALUES (3275, 32, 'KOTA BEKASI', NULL, NULL, NULL);
INSERT INTO `regencies` VALUES (3276, 32, 'KOTA DEPOK', NULL, NULL, NULL);
INSERT INTO `regencies` VALUES (3277, 32, 'KOTA CIMAHI', NULL, NULL, NULL);
INSERT INTO `regencies` VALUES (3278, 32, 'KOTA TASIKMALAYA', NULL, NULL, NULL);
INSERT INTO `regencies` VALUES (3279, 32, 'KOTA BANJAR', NULL, NULL, NULL);
INSERT INTO `regencies` VALUES (3301, 33, 'KABUPATEN CILACAP', NULL, NULL, NULL);
INSERT INTO `regencies` VALUES (3302, 33, 'KABUPATEN BANYUMAS', NULL, NULL, NULL);
INSERT INTO `regencies` VALUES (3303, 33, 'KABUPATEN PURBALINGGA', NULL, NULL, NULL);
INSERT INTO `regencies` VALUES (3304, 33, 'KABUPATEN BANJARNEGARA', NULL, NULL, NULL);
INSERT INTO `regencies` VALUES (3305, 33, 'KABUPATEN KEBUMEN', NULL, NULL, NULL);
INSERT INTO `regencies` VALUES (3306, 33, 'KABUPATEN PURWOREJO', NULL, NULL, NULL);
INSERT INTO `regencies` VALUES (3307, 33, 'KABUPATEN WONOSOBO', NULL, NULL, NULL);
INSERT INTO `regencies` VALUES (3308, 33, 'KABUPATEN MAGELANG', NULL, NULL, NULL);
INSERT INTO `regencies` VALUES (3309, 33, 'KABUPATEN BOYOLALI', NULL, NULL, NULL);
INSERT INTO `regencies` VALUES (3310, 33, 'KABUPATEN KLATEN', NULL, NULL, NULL);
INSERT INTO `regencies` VALUES (3311, 33, 'KABUPATEN SUKOHARJO', NULL, NULL, NULL);
INSERT INTO `regencies` VALUES (3312, 33, 'KABUPATEN WONOGIRI', NULL, NULL, NULL);
INSERT INTO `regencies` VALUES (3313, 33, 'KABUPATEN KARANGANYAR', NULL, NULL, NULL);
INSERT INTO `regencies` VALUES (3314, 33, 'KABUPATEN SRAGEN', NULL, NULL, NULL);
INSERT INTO `regencies` VALUES (3315, 33, 'KABUPATEN GROBOGAN', NULL, NULL, NULL);
INSERT INTO `regencies` VALUES (3316, 33, 'KABUPATEN BLORA', NULL, NULL, NULL);
INSERT INTO `regencies` VALUES (3317, 33, 'KABUPATEN REMBANG', NULL, NULL, NULL);
INSERT INTO `regencies` VALUES (3318, 33, 'KABUPATEN PATI', NULL, NULL, NULL);
INSERT INTO `regencies` VALUES (3319, 33, 'KABUPATEN KUDUS', NULL, NULL, NULL);
INSERT INTO `regencies` VALUES (3320, 33, 'KABUPATEN JEPARA', NULL, NULL, NULL);
INSERT INTO `regencies` VALUES (3321, 33, 'KABUPATEN DEMAK', NULL, NULL, NULL);
INSERT INTO `regencies` VALUES (3322, 33, 'KABUPATEN SEMARANG', NULL, NULL, NULL);
INSERT INTO `regencies` VALUES (3323, 33, 'KABUPATEN TEMANGGUNG', NULL, NULL, NULL);
INSERT INTO `regencies` VALUES (3324, 33, 'KABUPATEN KENDAL', NULL, NULL, NULL);
INSERT INTO `regencies` VALUES (3325, 33, 'KABUPATEN BATANG', NULL, NULL, NULL);
INSERT INTO `regencies` VALUES (3326, 33, 'KABUPATEN PEKALONGAN', NULL, NULL, NULL);
INSERT INTO `regencies` VALUES (3327, 33, 'KABUPATEN PEMALANG', NULL, NULL, NULL);
INSERT INTO `regencies` VALUES (3328, 33, 'KABUPATEN TEGAL', NULL, NULL, NULL);
INSERT INTO `regencies` VALUES (3329, 33, 'KABUPATEN BREBES', NULL, NULL, NULL);
INSERT INTO `regencies` VALUES (3371, 33, 'KOTA MAGELANG', NULL, NULL, NULL);
INSERT INTO `regencies` VALUES (3372, 33, 'KOTA SURAKARTA', NULL, NULL, NULL);
INSERT INTO `regencies` VALUES (3373, 33, 'KOTA SALATIGA', NULL, NULL, NULL);
INSERT INTO `regencies` VALUES (3374, 33, 'KOTA SEMARANG', NULL, NULL, NULL);
INSERT INTO `regencies` VALUES (3375, 33, 'KOTA PEKALONGAN', NULL, NULL, NULL);
INSERT INTO `regencies` VALUES (3376, 33, 'KOTA TEGAL', NULL, NULL, NULL);
INSERT INTO `regencies` VALUES (3401, 34, 'KABUPATEN KULON PROGO', NULL, NULL, NULL);
INSERT INTO `regencies` VALUES (3402, 34, 'KABUPATEN BANTUL', NULL, NULL, NULL);
INSERT INTO `regencies` VALUES (3403, 34, 'KABUPATEN GUNUNG KIDUL', NULL, NULL, NULL);
INSERT INTO `regencies` VALUES (3404, 34, 'KABUPATEN SLEMAN', NULL, NULL, NULL);
INSERT INTO `regencies` VALUES (3471, 34, 'KOTA YOGYAKARTA', NULL, NULL, NULL);
INSERT INTO `regencies` VALUES (3501, 35, 'KABUPATEN PACITAN', NULL, NULL, NULL);
INSERT INTO `regencies` VALUES (3502, 35, 'KABUPATEN PONOROGO', NULL, NULL, NULL);
INSERT INTO `regencies` VALUES (3503, 35, 'KABUPATEN TRENGGALEK', NULL, NULL, NULL);
INSERT INTO `regencies` VALUES (3504, 35, 'KABUPATEN TULUNGAGUNG', NULL, NULL, NULL);
INSERT INTO `regencies` VALUES (3505, 35, 'KABUPATEN BLITAR', NULL, NULL, NULL);
INSERT INTO `regencies` VALUES (3506, 35, 'KABUPATEN KEDIRI', NULL, NULL, NULL);
INSERT INTO `regencies` VALUES (3507, 35, 'KABUPATEN MALANG', NULL, NULL, NULL);
INSERT INTO `regencies` VALUES (3508, 35, 'KABUPATEN LUMAJANG', NULL, NULL, NULL);
INSERT INTO `regencies` VALUES (3509, 35, 'KABUPATEN JEMBER', NULL, NULL, NULL);
INSERT INTO `regencies` VALUES (3510, 35, 'KABUPATEN BANYUWANGI', NULL, NULL, NULL);
INSERT INTO `regencies` VALUES (3511, 35, 'KABUPATEN BONDOWOSO', NULL, NULL, NULL);
INSERT INTO `regencies` VALUES (3512, 35, 'KABUPATEN SITUBONDO', NULL, NULL, NULL);
INSERT INTO `regencies` VALUES (3513, 35, 'KABUPATEN PROBOLINGGO', NULL, NULL, NULL);
INSERT INTO `regencies` VALUES (3514, 35, 'KABUPATEN PASURUAN', NULL, NULL, NULL);
INSERT INTO `regencies` VALUES (3515, 35, 'KABUPATEN SIDOARJO', NULL, NULL, NULL);
INSERT INTO `regencies` VALUES (3516, 35, 'KABUPATEN MOJOKERTO', NULL, NULL, NULL);
INSERT INTO `regencies` VALUES (3517, 35, 'KABUPATEN JOMBANG', NULL, NULL, NULL);
INSERT INTO `regencies` VALUES (3518, 35, 'KABUPATEN NGANJUK', NULL, NULL, NULL);
INSERT INTO `regencies` VALUES (3519, 35, 'KABUPATEN MADIUN', NULL, NULL, NULL);
INSERT INTO `regencies` VALUES (3520, 35, 'KABUPATEN MAGETAN', NULL, NULL, NULL);
INSERT INTO `regencies` VALUES (3521, 35, 'KABUPATEN NGAWI', NULL, NULL, NULL);
INSERT INTO `regencies` VALUES (3522, 35, 'KABUPATEN BOJONEGORO', NULL, NULL, NULL);
INSERT INTO `regencies` VALUES (3523, 35, 'KABUPATEN TUBAN', NULL, NULL, NULL);
INSERT INTO `regencies` VALUES (3524, 35, 'KABUPATEN LAMONGAN', NULL, NULL, NULL);
INSERT INTO `regencies` VALUES (3525, 35, 'KABUPATEN GRESIK', NULL, NULL, NULL);
INSERT INTO `regencies` VALUES (3526, 35, 'KABUPATEN BANGKALAN', NULL, NULL, NULL);
INSERT INTO `regencies` VALUES (3527, 35, 'KABUPATEN SAMPANG', NULL, NULL, NULL);
INSERT INTO `regencies` VALUES (3528, 35, 'KABUPATEN PAMEKASAN', NULL, NULL, NULL);
INSERT INTO `regencies` VALUES (3529, 35, 'KABUPATEN SUMENEP', NULL, NULL, NULL);
INSERT INTO `regencies` VALUES (3571, 35, 'KOTA KEDIRI', NULL, NULL, NULL);
INSERT INTO `regencies` VALUES (3572, 35, 'KOTA BLITAR', NULL, NULL, NULL);
INSERT INTO `regencies` VALUES (3573, 35, 'KOTA MALANG', NULL, NULL, NULL);
INSERT INTO `regencies` VALUES (3574, 35, 'KOTA PROBOLINGGO', NULL, NULL, NULL);
INSERT INTO `regencies` VALUES (3575, 35, 'KOTA PASURUAN', NULL, NULL, NULL);
INSERT INTO `regencies` VALUES (3576, 35, 'KOTA MOJOKERTO', NULL, NULL, NULL);
INSERT INTO `regencies` VALUES (3577, 35, 'KOTA MADIUN', NULL, NULL, NULL);
INSERT INTO `regencies` VALUES (3578, 35, 'KOTA SURABAYA', NULL, NULL, NULL);
INSERT INTO `regencies` VALUES (3579, 35, 'KOTA BATU', NULL, NULL, NULL);
INSERT INTO `regencies` VALUES (3601, 36, 'KABUPATEN PANDEGLANG', NULL, NULL, NULL);
INSERT INTO `regencies` VALUES (3602, 36, 'KABUPATEN LEBAK', NULL, NULL, NULL);
INSERT INTO `regencies` VALUES (3603, 36, 'KABUPATEN TANGERANG', NULL, NULL, NULL);
INSERT INTO `regencies` VALUES (3604, 36, 'KABUPATEN SERANG', NULL, NULL, NULL);
INSERT INTO `regencies` VALUES (3671, 36, 'KOTA TANGERANG', NULL, NULL, NULL);
INSERT INTO `regencies` VALUES (3672, 36, 'KOTA CILEGON', NULL, NULL, NULL);
INSERT INTO `regencies` VALUES (3673, 36, 'KOTA SERANG', NULL, NULL, NULL);
INSERT INTO `regencies` VALUES (3674, 36, 'KOTA TANGERANG SELATAN', NULL, NULL, NULL);
INSERT INTO `regencies` VALUES (5101, 51, 'KABUPATEN JEMBRANA', NULL, NULL, NULL);
INSERT INTO `regencies` VALUES (5102, 51, 'KABUPATEN TABANAN', NULL, NULL, NULL);
INSERT INTO `regencies` VALUES (5103, 51, 'KABUPATEN BADUNG', NULL, NULL, NULL);
INSERT INTO `regencies` VALUES (5104, 51, 'KABUPATEN GIANYAR', NULL, NULL, NULL);
INSERT INTO `regencies` VALUES (5105, 51, 'KABUPATEN KLUNGKUNG', NULL, NULL, NULL);
INSERT INTO `regencies` VALUES (5106, 51, 'KABUPATEN BANGLI', NULL, NULL, NULL);
INSERT INTO `regencies` VALUES (5107, 51, 'KABUPATEN KARANG ASEM', NULL, NULL, NULL);
INSERT INTO `regencies` VALUES (5108, 51, 'KABUPATEN BULELENG', NULL, NULL, NULL);
INSERT INTO `regencies` VALUES (5171, 51, 'KOTA DENPASAR', NULL, NULL, NULL);
INSERT INTO `regencies` VALUES (5201, 52, 'KABUPATEN LOMBOK BARAT', NULL, NULL, NULL);
INSERT INTO `regencies` VALUES (5202, 52, 'KABUPATEN LOMBOK TENGAH', NULL, NULL, NULL);
INSERT INTO `regencies` VALUES (5203, 52, 'KABUPATEN LOMBOK TIMUR', NULL, NULL, NULL);
INSERT INTO `regencies` VALUES (5204, 52, 'KABUPATEN SUMBAWA', NULL, NULL, NULL);
INSERT INTO `regencies` VALUES (5205, 52, 'KABUPATEN DOMPU', NULL, NULL, NULL);
INSERT INTO `regencies` VALUES (5206, 52, 'KABUPATEN BIMA', NULL, NULL, NULL);
INSERT INTO `regencies` VALUES (5207, 52, 'KABUPATEN SUMBAWA BARAT', NULL, NULL, NULL);
INSERT INTO `regencies` VALUES (5208, 52, 'KABUPATEN LOMBOK UTARA', NULL, NULL, NULL);
INSERT INTO `regencies` VALUES (5271, 52, 'KOTA MATARAM', NULL, NULL, NULL);
INSERT INTO `regencies` VALUES (5272, 52, 'KOTA BIMA', NULL, NULL, NULL);
INSERT INTO `regencies` VALUES (5301, 53, 'KABUPATEN SUMBA BARAT', NULL, NULL, NULL);
INSERT INTO `regencies` VALUES (5302, 53, 'KABUPATEN SUMBA TIMUR', NULL, NULL, NULL);
INSERT INTO `regencies` VALUES (5303, 53, 'KABUPATEN KUPANG', NULL, NULL, NULL);
INSERT INTO `regencies` VALUES (5304, 53, 'KABUPATEN TIMOR TENGAH SELATAN', NULL, NULL, NULL);
INSERT INTO `regencies` VALUES (5305, 53, 'KABUPATEN TIMOR TENGAH UTARA', NULL, NULL, NULL);
INSERT INTO `regencies` VALUES (5306, 53, 'KABUPATEN BELU', NULL, NULL, NULL);
INSERT INTO `regencies` VALUES (5307, 53, 'KABUPATEN ALOR', NULL, NULL, NULL);
INSERT INTO `regencies` VALUES (5308, 53, 'KABUPATEN LEMBATA', NULL, NULL, NULL);
INSERT INTO `regencies` VALUES (5309, 53, 'KABUPATEN FLORES TIMUR', NULL, NULL, NULL);
INSERT INTO `regencies` VALUES (5310, 53, 'KABUPATEN SIKKA', NULL, NULL, NULL);
INSERT INTO `regencies` VALUES (5311, 53, 'KABUPATEN ENDE', NULL, NULL, NULL);
INSERT INTO `regencies` VALUES (5312, 53, 'KABUPATEN NGADA', NULL, NULL, NULL);
INSERT INTO `regencies` VALUES (5313, 53, 'KABUPATEN MANGGARAI', NULL, NULL, NULL);
INSERT INTO `regencies` VALUES (5314, 53, 'KABUPATEN ROTE NDAO', NULL, NULL, NULL);
INSERT INTO `regencies` VALUES (5315, 53, 'KABUPATEN MANGGARAI BARAT', NULL, NULL, NULL);
INSERT INTO `regencies` VALUES (5316, 53, 'KABUPATEN SUMBA TENGAH', NULL, NULL, NULL);
INSERT INTO `regencies` VALUES (5317, 53, 'KABUPATEN SUMBA BARAT DAYA', NULL, NULL, NULL);
INSERT INTO `regencies` VALUES (5318, 53, 'KABUPATEN NAGEKEO', NULL, NULL, NULL);
INSERT INTO `regencies` VALUES (5319, 53, 'KABUPATEN MANGGARAI TIMUR', NULL, NULL, NULL);
INSERT INTO `regencies` VALUES (5320, 53, 'KABUPATEN SABU RAIJUA', NULL, NULL, NULL);
INSERT INTO `regencies` VALUES (5321, 53, 'KABUPATEN MALAKA', NULL, NULL, NULL);
INSERT INTO `regencies` VALUES (5371, 53, 'KOTA KUPANG', NULL, NULL, NULL);
INSERT INTO `regencies` VALUES (6101, 61, 'KABUPATEN SAMBAS', NULL, NULL, NULL);
INSERT INTO `regencies` VALUES (6102, 61, 'KABUPATEN BENGKAYANG', NULL, NULL, NULL);
INSERT INTO `regencies` VALUES (6103, 61, 'KABUPATEN LANDAK', NULL, NULL, NULL);
INSERT INTO `regencies` VALUES (6104, 61, 'KABUPATEN MEMPAWAH', NULL, NULL, NULL);
INSERT INTO `regencies` VALUES (6105, 61, 'KABUPATEN SANGGAU', NULL, NULL, NULL);
INSERT INTO `regencies` VALUES (6106, 61, 'KABUPATEN KETAPANG', NULL, NULL, NULL);
INSERT INTO `regencies` VALUES (6107, 61, 'KABUPATEN SINTANG', NULL, NULL, NULL);
INSERT INTO `regencies` VALUES (6108, 61, 'KABUPATEN KAPUAS HULU', NULL, NULL, NULL);
INSERT INTO `regencies` VALUES (6109, 61, 'KABUPATEN SEKADAU', NULL, NULL, NULL);
INSERT INTO `regencies` VALUES (6110, 61, 'KABUPATEN MELAWI', NULL, NULL, NULL);
INSERT INTO `regencies` VALUES (6111, 61, 'KABUPATEN KAYONG UTARA', NULL, NULL, NULL);
INSERT INTO `regencies` VALUES (6112, 61, 'KABUPATEN KUBU RAYA', NULL, NULL, NULL);
INSERT INTO `regencies` VALUES (6171, 61, 'KOTA PONTIANAK', NULL, NULL, NULL);
INSERT INTO `regencies` VALUES (6172, 61, 'KOTA SINGKAWANG', NULL, NULL, NULL);
INSERT INTO `regencies` VALUES (6201, 62, 'KABUPATEN KOTAWARINGIN BARAT', NULL, NULL, NULL);
INSERT INTO `regencies` VALUES (6202, 62, 'KABUPATEN KOTAWARINGIN TIMUR', NULL, NULL, NULL);
INSERT INTO `regencies` VALUES (6203, 62, 'KABUPATEN KAPUAS', NULL, NULL, NULL);
INSERT INTO `regencies` VALUES (6204, 62, 'KABUPATEN BARITO SELATAN', NULL, NULL, NULL);
INSERT INTO `regencies` VALUES (6205, 62, 'KABUPATEN BARITO UTARA', NULL, NULL, NULL);
INSERT INTO `regencies` VALUES (6206, 62, 'KABUPATEN SUKAMARA', NULL, NULL, NULL);
INSERT INTO `regencies` VALUES (6207, 62, 'KABUPATEN LAMANDAU', NULL, NULL, NULL);
INSERT INTO `regencies` VALUES (6208, 62, 'KABUPATEN SERUYAN', NULL, NULL, NULL);
INSERT INTO `regencies` VALUES (6209, 62, 'KABUPATEN KATINGAN', NULL, NULL, NULL);
INSERT INTO `regencies` VALUES (6210, 62, 'KABUPATEN PULANG PISAU', NULL, NULL, NULL);
INSERT INTO `regencies` VALUES (6211, 62, 'KABUPATEN GUNUNG MAS', NULL, NULL, NULL);
INSERT INTO `regencies` VALUES (6212, 62, 'KABUPATEN BARITO TIMUR', NULL, NULL, NULL);
INSERT INTO `regencies` VALUES (6213, 62, 'KABUPATEN MURUNG RAYA', NULL, NULL, NULL);
INSERT INTO `regencies` VALUES (6271, 62, 'KOTA PALANGKA RAYA', NULL, NULL, NULL);
INSERT INTO `regencies` VALUES (6301, 63, 'KABUPATEN TANAH LAUT', NULL, NULL, NULL);
INSERT INTO `regencies` VALUES (6302, 63, 'KABUPATEN KOTA BARU', NULL, NULL, NULL);
INSERT INTO `regencies` VALUES (6303, 63, 'KABUPATEN BANJAR', NULL, NULL, NULL);
INSERT INTO `regencies` VALUES (6304, 63, 'KABUPATEN BARITO KUALA', NULL, NULL, NULL);
INSERT INTO `regencies` VALUES (6305, 63, 'KABUPATEN TAPIN', NULL, NULL, NULL);
INSERT INTO `regencies` VALUES (6306, 63, 'KABUPATEN HULU SUNGAI SELATAN', NULL, NULL, NULL);
INSERT INTO `regencies` VALUES (6307, 63, 'KABUPATEN HULU SUNGAI TENGAH', NULL, NULL, NULL);
INSERT INTO `regencies` VALUES (6308, 63, 'KABUPATEN HULU SUNGAI UTARA', NULL, NULL, NULL);
INSERT INTO `regencies` VALUES (6309, 63, 'KABUPATEN TABALONG', NULL, NULL, NULL);
INSERT INTO `regencies` VALUES (6310, 63, 'KABUPATEN TANAH BUMBU', NULL, NULL, NULL);
INSERT INTO `regencies` VALUES (6311, 63, 'KABUPATEN BALANGAN', NULL, NULL, NULL);
INSERT INTO `regencies` VALUES (6371, 63, 'KOTA BANJARMASIN', NULL, NULL, NULL);
INSERT INTO `regencies` VALUES (6372, 63, 'KOTA BANJAR BARU', NULL, NULL, NULL);
INSERT INTO `regencies` VALUES (6401, 64, 'KABUPATEN PASER', NULL, NULL, NULL);
INSERT INTO `regencies` VALUES (6402, 64, 'KABUPATEN KUTAI BARAT', NULL, NULL, NULL);
INSERT INTO `regencies` VALUES (6403, 64, 'KABUPATEN KUTAI KARTANEGARA', NULL, NULL, NULL);
INSERT INTO `regencies` VALUES (6404, 64, 'KABUPATEN KUTAI TIMUR', NULL, NULL, NULL);
INSERT INTO `regencies` VALUES (6405, 64, 'KABUPATEN BERAU', NULL, NULL, NULL);
INSERT INTO `regencies` VALUES (6409, 64, 'KABUPATEN PENAJAM PASER UTARA', NULL, NULL, NULL);
INSERT INTO `regencies` VALUES (6411, 64, 'KABUPATEN MAHAKAM HULU', NULL, NULL, NULL);
INSERT INTO `regencies` VALUES (6471, 64, 'KOTA BALIKPAPAN', NULL, NULL, NULL);
INSERT INTO `regencies` VALUES (6472, 64, 'KOTA SAMARINDA', NULL, NULL, NULL);
INSERT INTO `regencies` VALUES (6474, 64, 'KOTA BONTANG', NULL, NULL, NULL);
INSERT INTO `regencies` VALUES (6501, 65, 'KABUPATEN MALINAU', NULL, NULL, NULL);
INSERT INTO `regencies` VALUES (6502, 65, 'KABUPATEN BULUNGAN', NULL, NULL, NULL);
INSERT INTO `regencies` VALUES (6503, 65, 'KABUPATEN TANA TIDUNG', NULL, NULL, NULL);
INSERT INTO `regencies` VALUES (6504, 65, 'KABUPATEN NUNUKAN', NULL, NULL, NULL);
INSERT INTO `regencies` VALUES (6571, 65, 'KOTA TARAKAN', NULL, NULL, NULL);
INSERT INTO `regencies` VALUES (7101, 71, 'KABUPATEN BOLAANG MONGONDOW', NULL, NULL, NULL);
INSERT INTO `regencies` VALUES (7102, 71, 'KABUPATEN MINAHASA', NULL, NULL, NULL);
INSERT INTO `regencies` VALUES (7103, 71, 'KABUPATEN KEPULAUAN SANGIHE', NULL, NULL, NULL);
INSERT INTO `regencies` VALUES (7104, 71, 'KABUPATEN KEPULAUAN TALAUD', NULL, NULL, NULL);
INSERT INTO `regencies` VALUES (7105, 71, 'KABUPATEN MINAHASA SELATAN', NULL, NULL, NULL);
INSERT INTO `regencies` VALUES (7106, 71, 'KABUPATEN MINAHASA UTARA', NULL, NULL, NULL);
INSERT INTO `regencies` VALUES (7107, 71, 'KABUPATEN BOLAANG MONGONDOW UTARA', NULL, NULL, NULL);
INSERT INTO `regencies` VALUES (7108, 71, 'KABUPATEN SIAU TAGULANDANG BIARO', NULL, NULL, NULL);
INSERT INTO `regencies` VALUES (7109, 71, 'KABUPATEN MINAHASA TENGGARA', NULL, NULL, NULL);
INSERT INTO `regencies` VALUES (7110, 71, 'KABUPATEN BOLAANG MONGONDOW SELATAN', NULL, NULL, NULL);
INSERT INTO `regencies` VALUES (7111, 71, 'KABUPATEN BOLAANG MONGONDOW TIMUR', NULL, NULL, NULL);
INSERT INTO `regencies` VALUES (7171, 71, 'KOTA MANADO', NULL, NULL, NULL);
INSERT INTO `regencies` VALUES (7172, 71, 'KOTA BITUNG', NULL, NULL, NULL);
INSERT INTO `regencies` VALUES (7173, 71, 'KOTA TOMOHON', NULL, NULL, NULL);
INSERT INTO `regencies` VALUES (7174, 71, 'KOTA KOTAMOBAGU', NULL, NULL, NULL);
INSERT INTO `regencies` VALUES (7201, 72, 'KABUPATEN BANGGAI KEPULAUAN', NULL, NULL, NULL);
INSERT INTO `regencies` VALUES (7202, 72, 'KABUPATEN BANGGAI', NULL, NULL, NULL);
INSERT INTO `regencies` VALUES (7203, 72, 'KABUPATEN MOROWALI', NULL, NULL, NULL);
INSERT INTO `regencies` VALUES (7204, 72, 'KABUPATEN POSO', NULL, NULL, NULL);
INSERT INTO `regencies` VALUES (7205, 72, 'KABUPATEN DONGGALA', NULL, NULL, NULL);
INSERT INTO `regencies` VALUES (7206, 72, 'KABUPATEN TOLI-TOLI', NULL, NULL, NULL);
INSERT INTO `regencies` VALUES (7207, 72, 'KABUPATEN BUOL', NULL, NULL, NULL);
INSERT INTO `regencies` VALUES (7208, 72, 'KABUPATEN PARIGI MOUTONG', NULL, NULL, NULL);
INSERT INTO `regencies` VALUES (7209, 72, 'KABUPATEN TOJO UNA-UNA', NULL, NULL, NULL);
INSERT INTO `regencies` VALUES (7210, 72, 'KABUPATEN SIGI', NULL, NULL, NULL);
INSERT INTO `regencies` VALUES (7211, 72, 'KABUPATEN BANGGAI LAUT', NULL, NULL, NULL);
INSERT INTO `regencies` VALUES (7212, 72, 'KABUPATEN MOROWALI UTARA', NULL, NULL, NULL);
INSERT INTO `regencies` VALUES (7271, 72, 'KOTA PALU', NULL, NULL, NULL);
INSERT INTO `regencies` VALUES (7301, 73, 'KABUPATEN KEPULAUAN SELAYAR', NULL, NULL, NULL);
INSERT INTO `regencies` VALUES (7302, 73, 'KABUPATEN BULUKUMBA', NULL, NULL, NULL);
INSERT INTO `regencies` VALUES (7303, 73, 'KABUPATEN BANTAENG', NULL, NULL, NULL);
INSERT INTO `regencies` VALUES (7304, 73, 'KABUPATEN JENEPONTO', NULL, NULL, NULL);
INSERT INTO `regencies` VALUES (7305, 73, 'KABUPATEN TAKALAR', NULL, NULL, NULL);
INSERT INTO `regencies` VALUES (7306, 73, 'KABUPATEN GOWA', NULL, NULL, NULL);
INSERT INTO `regencies` VALUES (7307, 73, 'KABUPATEN SINJAI', NULL, NULL, NULL);
INSERT INTO `regencies` VALUES (7308, 73, 'KABUPATEN MAROS', NULL, NULL, NULL);
INSERT INTO `regencies` VALUES (7309, 73, 'KABUPATEN PANGKAJENE DAN KEPULAUAN', NULL, NULL, NULL);
INSERT INTO `regencies` VALUES (7310, 73, 'KABUPATEN BARRU', NULL, NULL, NULL);
INSERT INTO `regencies` VALUES (7311, 73, 'KABUPATEN BONE', NULL, NULL, NULL);
INSERT INTO `regencies` VALUES (7312, 73, 'KABUPATEN SOPPENG', NULL, NULL, NULL);
INSERT INTO `regencies` VALUES (7313, 73, 'KABUPATEN WAJO', NULL, NULL, NULL);
INSERT INTO `regencies` VALUES (7314, 73, 'KABUPATEN SIDENRENG RAPPANG', NULL, NULL, NULL);
INSERT INTO `regencies` VALUES (7315, 73, 'KABUPATEN PINRANG', NULL, NULL, NULL);
INSERT INTO `regencies` VALUES (7316, 73, 'KABUPATEN ENREKANG', NULL, NULL, NULL);
INSERT INTO `regencies` VALUES (7317, 73, 'KABUPATEN LUWU', NULL, NULL, NULL);
INSERT INTO `regencies` VALUES (7318, 73, 'KABUPATEN TANA TORAJA', NULL, NULL, NULL);
INSERT INTO `regencies` VALUES (7322, 73, 'KABUPATEN LUWU UTARA', NULL, NULL, NULL);
INSERT INTO `regencies` VALUES (7325, 73, 'KABUPATEN LUWU TIMUR', NULL, NULL, NULL);
INSERT INTO `regencies` VALUES (7326, 73, 'KABUPATEN TORAJA UTARA', NULL, NULL, NULL);
INSERT INTO `regencies` VALUES (7371, 73, 'KOTA MAKASSAR', NULL, NULL, NULL);
INSERT INTO `regencies` VALUES (7372, 73, 'KOTA PAREPARE', NULL, NULL, NULL);
INSERT INTO `regencies` VALUES (7373, 73, 'KOTA PALOPO', NULL, NULL, NULL);
INSERT INTO `regencies` VALUES (7401, 74, 'KABUPATEN BUTON', NULL, NULL, NULL);
INSERT INTO `regencies` VALUES (7402, 74, 'KABUPATEN MUNA', NULL, NULL, NULL);
INSERT INTO `regencies` VALUES (7403, 74, 'KABUPATEN KONAWE', NULL, NULL, NULL);
INSERT INTO `regencies` VALUES (7404, 74, 'KABUPATEN KOLAKA', NULL, NULL, NULL);
INSERT INTO `regencies` VALUES (7405, 74, 'KABUPATEN KONAWE SELATAN', NULL, NULL, NULL);
INSERT INTO `regencies` VALUES (7406, 74, 'KABUPATEN BOMBANA', NULL, NULL, NULL);
INSERT INTO `regencies` VALUES (7407, 74, 'KABUPATEN WAKATOBI', NULL, NULL, NULL);
INSERT INTO `regencies` VALUES (7408, 74, 'KABUPATEN KOLAKA UTARA', NULL, NULL, NULL);
INSERT INTO `regencies` VALUES (7409, 74, 'KABUPATEN BUTON UTARA', NULL, NULL, NULL);
INSERT INTO `regencies` VALUES (7410, 74, 'KABUPATEN KONAWE UTARA', NULL, NULL, NULL);
INSERT INTO `regencies` VALUES (7411, 74, 'KABUPATEN KOLAKA TIMUR', NULL, NULL, NULL);
INSERT INTO `regencies` VALUES (7412, 74, 'KABUPATEN KONAWE KEPULAUAN', NULL, NULL, NULL);
INSERT INTO `regencies` VALUES (7413, 74, 'KABUPATEN MUNA BARAT', NULL, NULL, NULL);
INSERT INTO `regencies` VALUES (7414, 74, 'KABUPATEN BUTON TENGAH', NULL, NULL, NULL);
INSERT INTO `regencies` VALUES (7415, 74, 'KABUPATEN BUTON SELATAN', NULL, NULL, NULL);
INSERT INTO `regencies` VALUES (7471, 74, 'KOTA KENDARI', NULL, NULL, NULL);
INSERT INTO `regencies` VALUES (7472, 74, 'KOTA BAUBAU', NULL, NULL, NULL);
INSERT INTO `regencies` VALUES (7501, 75, 'KABUPATEN BOALEMO', NULL, NULL, NULL);
INSERT INTO `regencies` VALUES (7502, 75, 'KABUPATEN GORONTALO', NULL, NULL, NULL);
INSERT INTO `regencies` VALUES (7503, 75, 'KABUPATEN POHUWATO', NULL, NULL, NULL);
INSERT INTO `regencies` VALUES (7504, 75, 'KABUPATEN BONE BOLANGO', NULL, NULL, NULL);
INSERT INTO `regencies` VALUES (7505, 75, 'KABUPATEN GORONTALO UTARA', NULL, NULL, NULL);
INSERT INTO `regencies` VALUES (7571, 75, 'KOTA GORONTALO', NULL, NULL, NULL);
INSERT INTO `regencies` VALUES (7601, 76, 'KABUPATEN MAJENE', NULL, NULL, NULL);
INSERT INTO `regencies` VALUES (7602, 76, 'KABUPATEN POLEWALI MANDAR', NULL, NULL, NULL);
INSERT INTO `regencies` VALUES (7603, 76, 'KABUPATEN MAMASA', NULL, NULL, NULL);
INSERT INTO `regencies` VALUES (7604, 76, 'KABUPATEN MAMUJU', NULL, NULL, NULL);
INSERT INTO `regencies` VALUES (7605, 76, 'KABUPATEN MAMUJU UTARA', NULL, NULL, NULL);
INSERT INTO `regencies` VALUES (7606, 76, 'KABUPATEN MAMUJU TENGAH', NULL, NULL, NULL);
INSERT INTO `regencies` VALUES (8101, 81, 'KABUPATEN MALUKU TENGGARA BARAT', NULL, NULL, NULL);
INSERT INTO `regencies` VALUES (8102, 81, 'KABUPATEN MALUKU TENGGARA', NULL, NULL, NULL);
INSERT INTO `regencies` VALUES (8103, 81, 'KABUPATEN MALUKU TENGAH', NULL, NULL, NULL);
INSERT INTO `regencies` VALUES (8104, 81, 'KABUPATEN BURU', NULL, NULL, NULL);
INSERT INTO `regencies` VALUES (8105, 81, 'KABUPATEN KEPULAUAN ARU', NULL, NULL, NULL);
INSERT INTO `regencies` VALUES (8106, 81, 'KABUPATEN SERAM BAGIAN BARAT', NULL, NULL, NULL);
INSERT INTO `regencies` VALUES (8107, 81, 'KABUPATEN SERAM BAGIAN TIMUR', NULL, NULL, NULL);
INSERT INTO `regencies` VALUES (8108, 81, 'KABUPATEN MALUKU BARAT DAYA', NULL, NULL, NULL);
INSERT INTO `regencies` VALUES (8109, 81, 'KABUPATEN BURU SELATAN', NULL, NULL, NULL);
INSERT INTO `regencies` VALUES (8171, 81, 'KOTA AMBON', NULL, NULL, NULL);
INSERT INTO `regencies` VALUES (8172, 81, 'KOTA TUAL', NULL, NULL, NULL);
INSERT INTO `regencies` VALUES (8201, 82, 'KABUPATEN HALMAHERA BARAT', NULL, NULL, NULL);
INSERT INTO `regencies` VALUES (8202, 82, 'KABUPATEN HALMAHERA TENGAH', NULL, NULL, NULL);
INSERT INTO `regencies` VALUES (8203, 82, 'KABUPATEN KEPULAUAN SULA', NULL, NULL, NULL);
INSERT INTO `regencies` VALUES (8204, 82, 'KABUPATEN HALMAHERA SELATAN', NULL, NULL, NULL);
INSERT INTO `regencies` VALUES (8205, 82, 'KABUPATEN HALMAHERA UTARA', NULL, NULL, NULL);
INSERT INTO `regencies` VALUES (8206, 82, 'KABUPATEN HALMAHERA TIMUR', NULL, NULL, NULL);
INSERT INTO `regencies` VALUES (8207, 82, 'KABUPATEN PULAU MOROTAI', NULL, NULL, NULL);
INSERT INTO `regencies` VALUES (8208, 82, 'KABUPATEN PULAU TALIABU', NULL, NULL, NULL);
INSERT INTO `regencies` VALUES (8271, 82, 'KOTA TERNATE', NULL, NULL, NULL);
INSERT INTO `regencies` VALUES (8272, 82, 'KOTA TIDORE KEPULAUAN', NULL, NULL, NULL);
INSERT INTO `regencies` VALUES (9101, 91, 'KABUPATEN FAKFAK', NULL, NULL, NULL);
INSERT INTO `regencies` VALUES (9102, 91, 'KABUPATEN KAIMANA', NULL, NULL, NULL);
INSERT INTO `regencies` VALUES (9103, 91, 'KABUPATEN TELUK WONDAMA', NULL, NULL, NULL);
INSERT INTO `regencies` VALUES (9104, 91, 'KABUPATEN TELUK BINTUNI', NULL, NULL, NULL);
INSERT INTO `regencies` VALUES (9105, 91, 'KABUPATEN MANOKWARI', NULL, NULL, NULL);
INSERT INTO `regencies` VALUES (9106, 91, 'KABUPATEN SORONG SELATAN', NULL, NULL, NULL);
INSERT INTO `regencies` VALUES (9107, 91, 'KABUPATEN SORONG', NULL, NULL, NULL);
INSERT INTO `regencies` VALUES (9108, 91, 'KABUPATEN RAJA AMPAT', NULL, NULL, NULL);
INSERT INTO `regencies` VALUES (9109, 91, 'KABUPATEN TAMBRAUW', NULL, NULL, NULL);
INSERT INTO `regencies` VALUES (9110, 91, 'KABUPATEN MAYBRAT', NULL, NULL, NULL);
INSERT INTO `regencies` VALUES (9111, 91, 'KABUPATEN MANOKWARI SELATAN', NULL, NULL, NULL);
INSERT INTO `regencies` VALUES (9112, 91, 'KABUPATEN PEGUNUNGAN ARFAK', NULL, NULL, NULL);
INSERT INTO `regencies` VALUES (9171, 91, 'KOTA SORONG', NULL, NULL, NULL);
INSERT INTO `regencies` VALUES (9401, 94, 'KABUPATEN MERAUKE', NULL, NULL, NULL);
INSERT INTO `regencies` VALUES (9402, 94, 'KABUPATEN JAYAWIJAYA', NULL, NULL, NULL);
INSERT INTO `regencies` VALUES (9403, 94, 'KABUPATEN JAYAPURA', NULL, NULL, NULL);
INSERT INTO `regencies` VALUES (9404, 94, 'KABUPATEN NABIRE', NULL, NULL, NULL);
INSERT INTO `regencies` VALUES (9408, 94, 'KABUPATEN KEPULAUAN YAPEN', NULL, NULL, NULL);
INSERT INTO `regencies` VALUES (9409, 94, 'KABUPATEN BIAK NUMFOR', NULL, NULL, NULL);
INSERT INTO `regencies` VALUES (9410, 94, 'KABUPATEN PANIAI', NULL, NULL, NULL);
INSERT INTO `regencies` VALUES (9411, 94, 'KABUPATEN PUNCAK JAYA', NULL, NULL, NULL);
INSERT INTO `regencies` VALUES (9412, 94, 'KABUPATEN MIMIKA', NULL, NULL, NULL);
INSERT INTO `regencies` VALUES (9413, 94, 'KABUPATEN BOVEN DIGOEL', NULL, NULL, NULL);
INSERT INTO `regencies` VALUES (9414, 94, 'KABUPATEN MAPPI', NULL, NULL, NULL);
INSERT INTO `regencies` VALUES (9415, 94, 'KABUPATEN ASMAT', NULL, NULL, NULL);
INSERT INTO `regencies` VALUES (9416, 94, 'KABUPATEN YAHUKIMO', NULL, NULL, NULL);
INSERT INTO `regencies` VALUES (9417, 94, 'KABUPATEN PEGUNUNGAN BINTANG', NULL, NULL, NULL);
INSERT INTO `regencies` VALUES (9418, 94, 'KABUPATEN TOLIKARA', NULL, NULL, NULL);
INSERT INTO `regencies` VALUES (9419, 94, 'KABUPATEN SARMI', NULL, NULL, NULL);
INSERT INTO `regencies` VALUES (9420, 94, 'KABUPATEN KEEROM', NULL, NULL, NULL);
INSERT INTO `regencies` VALUES (9426, 94, 'KABUPATEN WAROPEN', NULL, NULL, NULL);
INSERT INTO `regencies` VALUES (9427, 94, 'KABUPATEN SUPIORI', NULL, NULL, NULL);
INSERT INTO `regencies` VALUES (9428, 94, 'KABUPATEN MAMBERAMO RAYA', NULL, NULL, NULL);
INSERT INTO `regencies` VALUES (9429, 94, 'KABUPATEN NDUGA', NULL, NULL, NULL);
INSERT INTO `regencies` VALUES (9430, 94, 'KABUPATEN LANNY JAYA', NULL, NULL, NULL);
INSERT INTO `regencies` VALUES (9431, 94, 'KABUPATEN MAMBERAMO TENGAH', NULL, NULL, NULL);
INSERT INTO `regencies` VALUES (9432, 94, 'KABUPATEN YALIMO', NULL, NULL, NULL);
INSERT INTO `regencies` VALUES (9433, 94, 'KABUPATEN PUNCAK', NULL, NULL, NULL);
INSERT INTO `regencies` VALUES (9434, 94, 'KABUPATEN DOGIYAI', NULL, NULL, NULL);
INSERT INTO `regencies` VALUES (9435, 94, 'KABUPATEN INTAN JAYA', NULL, NULL, NULL);
INSERT INTO `regencies` VALUES (9436, 94, 'KABUPATEN DEIYAI', NULL, NULL, NULL);
INSERT INTO `regencies` VALUES (9471, 94, 'KOTA JAYAPURA', NULL, NULL, NULL);

-- ----------------------------
-- Table structure for sport_tools
-- ----------------------------
DROP TABLE IF EXISTS `sport_tools`;
CREATE TABLE `sport_tools`  (
  `id` int(11) NOT NULL AUTO_INCREMENT,
  `venue_id` int(11) NULL DEFAULT NULL,
  `tools_name` varchar(255) CHARACTER SET utf8mb4 COLLATE utf8mb4_general_ci NULL DEFAULT NULL,
  `price` float(10, 2) NULL DEFAULT NULL,
  `created_at` datetime(0) NULL DEFAULT NULL,
  `updated_at` datetime(0) NULL DEFAULT NULL,
  `deleted_at` datetime(0) NULL DEFAULT NULL,
  PRIMARY KEY (`id`) USING BTREE,
  INDEX `venue_id`(`venue_id`) USING BTREE,
  CONSTRAINT `sport_tools_ibfk_1` FOREIGN KEY (`venue_id`) REFERENCES `venue` (`id`) ON DELETE RESTRICT ON UPDATE RESTRICT
) ENGINE = InnoDB AUTO_INCREMENT = 7 CHARACTER SET = utf8mb4 COLLATE = utf8mb4_general_ci ROW_FORMAT = Dynamic;

-- ----------------------------
-- Records of sport_tools
-- ----------------------------
INSERT INTO `sport_tools` VALUES (1, 1, 'Bola Futsal', 25000.00, '2023-02-03 16:20:58', '2023-02-03 16:21:05', NULL);
INSERT INTO `sport_tools` VALUES (2, 1, 'Bola Basket', 25000.00, '2023-02-03 16:20:58', '2023-02-03 16:20:58', NULL);
INSERT INTO `sport_tools` VALUES (3, 2, 'Bola Futsall', 35000.00, '2023-02-03 16:21:03', '2023-02-03 09:46:55', NULL);
INSERT INTO `sport_tools` VALUES (6, 2, 'Bola Basket', 25000.00, '2023-02-03 09:43:57', '2023-02-03 09:47:01', NULL);

-- ----------------------------
-- Table structure for teams
-- ----------------------------
DROP TABLE IF EXISTS `teams`;
CREATE TABLE `teams`  (
  `id` int(11) NOT NULL AUTO_INCREMENT,
  `team_name` varchar(255) CHARACTER SET utf8mb4 COLLATE utf8mb4_general_ci NULL DEFAULT NULL,
  `member` text CHARACTER SET utf8mb4 COLLATE utf8mb4_general_ci NULL,
  `description` text CHARACTER SET utf8mb4 COLLATE utf8mb4_general_ci NULL,
  `user_member_id` int(11) NULL DEFAULT NULL COMMENT 'For Captain',
  `created_at` datetime(0) NULL DEFAULT NULL,
  `updated_at` datetime(0) NULL DEFAULT NULL,
  `deleted_at` datetime(0) NULL DEFAULT NULL,
  PRIMARY KEY (`id`) USING BTREE,
  INDEX `user_member_id`(`user_member_id`) USING BTREE,
  CONSTRAINT `teams_ibfk_1` FOREIGN KEY (`user_member_id`) REFERENCES `user_member` (`id`) ON DELETE RESTRICT ON UPDATE RESTRICT
) ENGINE = InnoDB AUTO_INCREMENT = 3 CHARACTER SET = utf8mb4 COLLATE = utf8mb4_general_ci ROW_FORMAT = Dynamic;

-- ----------------------------
-- Records of teams
-- ----------------------------
INSERT INTO `teams` VALUES (1, 'Team Kesemek', '[{\"name\":\"Bambang Pamungkas\",\"Position\":\"Keeper\"},{\"name\":\"Asmara\",\"Positin\":\"Striker\"}]', 'Best Team in the world', 1, '2023-02-17 07:35:28', '2023-02-17 07:43:15', NULL);
INSERT INTO `teams` VALUES (2, 'Team Kamal', '[{\"name\":\"Kamaludin\",\"Position\":\"Keeper\"},{\"name\":\"Setiawan\",\"Positin\":\"Striker\"}]', 'Best Team in the Jungle', 2, '2023-02-17 07:48:15', '2023-02-17 07:48:15', NULL);

-- ----------------------------
-- Table structure for time_data
-- ----------------------------
DROP TABLE IF EXISTS `time_data`;
CREATE TABLE `time_data`  (
  `id` int(11) NOT NULL AUTO_INCREMENT,
  `start_time` time(0) NULL DEFAULT NULL,
  `end_time` time(0) NULL DEFAULT NULL,
  `created_at` datetime(0) NULL DEFAULT NULL,
  `updated_at` datetime(0) NULL DEFAULT NULL,
  `deleted_at` datetime(0) NULL DEFAULT NULL,
  PRIMARY KEY (`id`) USING BTREE
) ENGINE = InnoDB AUTO_INCREMENT = 19 CHARACTER SET = utf8mb4 COLLATE = utf8mb4_general_ci ROW_FORMAT = Dynamic;

-- ----------------------------
-- Records of time_data
-- ----------------------------
INSERT INTO `time_data` VALUES (1, '05:00:00', '06:00:00', '2023-02-03 14:28:58', '2023-02-03 14:29:19', NULL);
INSERT INTO `time_data` VALUES (2, '06:00:00', '07:00:00', NULL, NULL, NULL);
INSERT INTO `time_data` VALUES (3, '08:00:00', '09:00:00', NULL, NULL, NULL);
INSERT INTO `time_data` VALUES (4, '09:00:00', '10:00:00', NULL, NULL, NULL);
INSERT INTO `time_data` VALUES (5, '10:00:00', '11:00:00', NULL, NULL, NULL);
INSERT INTO `time_data` VALUES (6, '11:00:00', '12:00:00', NULL, NULL, NULL);
INSERT INTO `time_data` VALUES (7, '12:00:00', '13:00:00', NULL, NULL, NULL);
INSERT INTO `time_data` VALUES (8, '13:00:00', '14:00:00', NULL, NULL, NULL);
INSERT INTO `time_data` VALUES (9, '14:00:00', '15:00:00', NULL, NULL, NULL);
INSERT INTO `time_data` VALUES (10, '15:00:00', '16:00:00', NULL, NULL, NULL);
INSERT INTO `time_data` VALUES (11, '16:00:00', '17:00:00', NULL, NULL, NULL);
INSERT INTO `time_data` VALUES (12, '17:00:00', '18:00:00', NULL, NULL, NULL);
INSERT INTO `time_data` VALUES (13, '18:00:00', '19:00:00', NULL, NULL, NULL);
INSERT INTO `time_data` VALUES (14, '19:00:00', '20:00:00', NULL, NULL, NULL);
INSERT INTO `time_data` VALUES (15, '20:00:00', '21:00:00', NULL, NULL, NULL);
INSERT INTO `time_data` VALUES (16, '21:00:00', '22:00:00', NULL, NULL, NULL);
INSERT INTO `time_data` VALUES (17, '22:00:00', '23:00:00', NULL, NULL, NULL);
INSERT INTO `time_data` VALUES (18, '23:00:00', '00:00:00', NULL, NULL, NULL);

-- ----------------------------
-- Table structure for user_member
-- ----------------------------
DROP TABLE IF EXISTS `user_member`;
CREATE TABLE `user_member`  (
  `id` int(11) NOT NULL AUTO_INCREMENT,
  `name` varchar(255) CHARACTER SET utf8mb4 COLLATE utf8mb4_general_ci NULL DEFAULT NULL,
  `email` varchar(255) CHARACTER SET utf8mb4 COLLATE utf8mb4_general_ci NULL DEFAULT NULL,
  `phone` varchar(255) CHARACTER SET utf8mb4 COLLATE utf8mb4_general_ci NULL DEFAULT NULL,
  `address` varchar(255) CHARACTER SET utf8mb4 COLLATE utf8mb4_general_ci NULL DEFAULT NULL,
  `province_id` int(11) NULL DEFAULT NULL,
  `regency_id` int(11) NULL DEFAULT NULL,
  `password` varchar(255) CHARACTER SET utf8mb4 COLLATE utf8mb4_general_ci NULL DEFAULT NULL,
  `created_at` datetime(0) NULL DEFAULT NULL,
  `updated_at` datetime(0) NULL DEFAULT NULL,
  `deleted_at` datetime(0) NULL DEFAULT NULL,
  PRIMARY KEY (`id`) USING BTREE,
  INDEX `province_id`(`province_id`) USING BTREE,
  INDEX `regency_id`(`regency_id`) USING BTREE,
  CONSTRAINT `user_member_ibfk_1` FOREIGN KEY (`province_id`) REFERENCES `provinces` (`id`) ON DELETE RESTRICT ON UPDATE RESTRICT,
  CONSTRAINT `user_member_ibfk_2` FOREIGN KEY (`regency_id`) REFERENCES `regencies` (`id`) ON DELETE RESTRICT ON UPDATE RESTRICT
) ENGINE = InnoDB AUTO_INCREMENT = 4 CHARACTER SET = utf8mb4 COLLATE = utf8mb4_general_ci ROW_FORMAT = Dynamic;

-- ----------------------------
-- Records of user_member
-- ----------------------------
INSERT INTO `user_member` VALUES (1, 'Bambang', 'bambangkun2021@gmail.com', '08180982378273', 'Jl. Baru 22', 34, 3174, '$2y$10$LF4URwPrUAfkw.wtI2RvW.NYRtIKUN53R8dB4cr2p0gvQjdQq8OrG', '2023-02-03 06:57:42', '2023-02-16 04:10:46', NULL);
INSERT INTO `user_member` VALUES (2, 'Nona Muda', 'nona@gmail.com', '8236', 'Address', 31, 3173, '$2y$10$RqIZhnRTJ2WC3tOY.x6tHOYCxdHgHHQcse9yyTye5XVwoK/aX2Q9q', '2023-02-03 07:09:19', '2023-02-03 07:14:49', NULL);
INSERT INTO `user_member` VALUES (3, 'Lara', 'lara@gmail.com', '08787232328', 'Jl. Baru 21', 34, 3174, '$2y$10$7prr2rOf1B6NaXBr2o7ODOD3x8DwZ.KTvGHQMJB7TsK2P.0shUxuy', '2023-02-16 04:01:33', '2023-02-16 04:01:33', NULL);

-- ----------------------------
-- Table structure for users
-- ----------------------------
DROP TABLE IF EXISTS `users`;
CREATE TABLE `users`  (
  `id` int(11) NOT NULL AUTO_INCREMENT,
  `name` varchar(255) CHARACTER SET utf8mb4 COLLATE utf8mb4_general_ci NULL DEFAULT NULL,
  `email` varchar(255) CHARACTER SET utf8mb4 COLLATE utf8mb4_general_ci NULL DEFAULT NULL,
  `phone` varchar(255) CHARACTER SET utf8mb4 COLLATE utf8mb4_general_ci NULL DEFAULT NULL,
  `password` varchar(255) CHARACTER SET utf8mb4 COLLATE utf8mb4_general_ci NULL DEFAULT NULL,
  `roles` varchar(255) CHARACTER SET utf8mb4 COLLATE utf8mb4_general_ci NULL DEFAULT NULL,
  `province_id` int(11) NULL DEFAULT NULL,
  `regency_id` int(11) NULL DEFAULT NULL,
  `created_at` datetime(0) NULL DEFAULT NULL,
  `updated_at` datetime(0) NULL DEFAULT NULL,
  `deleted_at` datetime(0) NULL DEFAULT NULL,
  PRIMARY KEY (`id`) USING BTREE,
  INDEX `province_id`(`province_id`) USING BTREE,
  INDEX `regency_id`(`regency_id`) USING BTREE,
  CONSTRAINT `users_ibfk_1` FOREIGN KEY (`province_id`) REFERENCES `provinces` (`id`) ON DELETE RESTRICT ON UPDATE RESTRICT,
  CONSTRAINT `users_ibfk_2` FOREIGN KEY (`regency_id`) REFERENCES `regencies` (`id`) ON DELETE RESTRICT ON UPDATE RESTRICT
) ENGINE = InnoDB AUTO_INCREMENT = 7 CHARACTER SET = utf8mb4 COLLATE = utf8mb4_general_ci ROW_FORMAT = Dynamic;

-- ----------------------------
-- Records of users
-- ----------------------------
INSERT INTO `users` VALUES (1, 'Administrator', 'admin@mail.com', NULL, '$2y$10$Alxm8P7B1wEzHs4JKi7Xve2MB7lI5JhBdLU.RaKBetS5BEo8M6Foe', 'admin', NULL, NULL, '2021-11-18 10:39:35', '2023-01-27 08:39:54', NULL);
INSERT INTO `users` VALUES (3, 'Bambang', 'bambangkun2021@gmail.com', NULL, '$2y$10$SGiggz2hVq0heIPlrXVUFuF1qYEhimzPuifLfneG425WphQMwm5Mq', 'admin', NULL, NULL, '2023-01-27 08:48:10', '2023-01-27 08:48:13', NULL);
INSERT INTO `users` VALUES (4, 'Kurniawan A', 'kurniawan@gmail.com', '08787732878', '$2y$10$RT0.9lkrA4t45BAUDITy/OkBP2EmqbLnEVS1HPz3.ua39Whxam/Am', 'venue', 31, 3172, '2023-01-27 10:15:49', '2023-01-31 03:49:40', NULL);
INSERT INTO `users` VALUES (5, 'Futsal', NULL, NULL, '$2y$10$PzeOq.t3eC7JhKsfP4gVauX4R3qTykH6rL9gGwtXsOk1xxVKSwWcK', 'venue', NULL, NULL, '2023-01-31 06:32:05', '2023-01-31 06:32:13', '2023-01-31 06:32:13');
INSERT INTO `users` VALUES (6, 'Nona', 'nona@gmail.com', '08787732878', '$2y$10$V8EQVtz9vwcaQAKvXECD5..z3pgd5m/RTxjBbB.DdPlojERIs4WCy', 'venue', 31, 3174, '2023-01-31 10:23:40', '2023-01-31 10:23:40', NULL);

-- ----------------------------
-- Table structure for venue
-- ----------------------------
DROP TABLE IF EXISTS `venue`;
CREATE TABLE `venue`  (
  `id` int(11) NOT NULL AUTO_INCREMENT,
  `user_id` int(11) NULL DEFAULT NULL,
  `venue_name` varchar(255) CHARACTER SET utf8mb4 COLLATE utf8mb4_general_ci NULL DEFAULT NULL,
  `province_id` int(11) NULL DEFAULT NULL,
  `regency_id` int(11) NULL DEFAULT NULL,
  `lat` varchar(255) CHARACTER SET utf8mb4 COLLATE utf8mb4_general_ci NULL DEFAULT NULL,
  `lng` varchar(255) CHARACTER SET utf8mb4 COLLATE utf8mb4_general_ci NULL DEFAULT NULL,
  `open_time` varchar(10) CHARACTER SET utf8mb4 COLLATE utf8mb4_general_ci NULL DEFAULT NULL,
  `close_time` varchar(10) CHARACTER SET utf8mb4 COLLATE utf8mb4_general_ci NULL DEFAULT NULL,
  `created_at` datetime(0) NULL DEFAULT NULL,
  `updated_at` datetime(0) NULL DEFAULT NULL,
  `deleted_at` datetime(0) NULL DEFAULT NULL,
  PRIMARY KEY (`id`) USING BTREE,
  INDEX `user_id`(`user_id`) USING BTREE,
  INDEX `province_id`(`province_id`) USING BTREE,
  INDEX `regency_id`(`regency_id`) USING BTREE,
  CONSTRAINT `venue_ibfk_1` FOREIGN KEY (`user_id`) REFERENCES `users` (`id`) ON DELETE RESTRICT ON UPDATE RESTRICT,
  CONSTRAINT `venue_ibfk_2` FOREIGN KEY (`province_id`) REFERENCES `provinces` (`id`) ON DELETE RESTRICT ON UPDATE RESTRICT,
  CONSTRAINT `venue_ibfk_3` FOREIGN KEY (`regency_id`) REFERENCES `regencies` (`id`) ON DELETE RESTRICT ON UPDATE RESTRICT
) ENGINE = InnoDB AUTO_INCREMENT = 3 CHARACTER SET = utf8mb4 COLLATE = utf8mb4_general_ci ROW_FORMAT = Dynamic;

-- ----------------------------
-- Records of venue
-- ----------------------------
INSERT INTO `venue` VALUES (1, 4, 'Lapang Sakti', 31, 3174, '-6.167218', '106.763938', '08:00', '23:00', '2023-01-31 09:27:23', '2023-02-01 01:35:26', NULL);
INSERT INTO `venue` VALUES (2, 6, 'Lapang Kejora', 31, 3172, '-6.225014', '106.900447', '10:00', '23:00', '2023-02-03 02:12:24', '2023-02-03 09:18:40', NULL);

-- ----------------------------
-- Table structure for venue_field
-- ----------------------------
DROP TABLE IF EXISTS `venue_field`;
CREATE TABLE `venue_field`  (
  `id` int(11) NOT NULL AUTO_INCREMENT,
  `venue_id` int(11) NULL DEFAULT NULL,
  `field_name` varchar(255) CHARACTER SET utf8mb4 COLLATE utf8mb4_general_ci NULL DEFAULT NULL,
  `price` decimal(10, 2) NULL DEFAULT NULL,
  `category_id` int(11) NULL DEFAULT NULL,
  `created_at` datetime(0) NULL DEFAULT NULL,
  `updated_at` datetime(0) NULL DEFAULT NULL,
  `deleted_at` datetime(0) NULL DEFAULT NULL,
  PRIMARY KEY (`id`) USING BTREE,
  INDEX `venue_id`(`venue_id`) USING BTREE,
  INDEX `category_id`(`category_id`) USING BTREE,
  CONSTRAINT `venue_field_ibfk_1` FOREIGN KEY (`venue_id`) REFERENCES `venue` (`id`) ON DELETE RESTRICT ON UPDATE RESTRICT,
  CONSTRAINT `venue_field_ibfk_2` FOREIGN KEY (`category_id`) REFERENCES `categories` (`id`) ON DELETE RESTRICT ON UPDATE RESTRICT
) ENGINE = InnoDB AUTO_INCREMENT = 5 CHARACTER SET = utf8mb4 COLLATE = utf8mb4_general_ci ROW_FORMAT = Dynamic;

-- ----------------------------
-- Records of venue_field
-- ----------------------------
INSERT INTO `venue_field` VALUES (1, 1, 'Lapangan Futsal 1', 100000.00, 1, '2023-02-01 07:21:30', '2023-02-01 07:36:57', NULL);
INSERT INTO `venue_field` VALUES (2, 1, 'Lapangan Basket 1', 200000.00, 2, '2023-02-01 07:25:29', '2023-02-01 07:25:29', NULL);
INSERT INTO `venue_field` VALUES (3, 2, 'Lapang Depan', 50000.00, 1, '2023-02-03 08:22:27', '2023-02-03 08:22:27', NULL);
INSERT INTO `venue_field` VALUES (4, 2, 'Lapang Belakang', 50000.00, 1, '2023-02-03 08:22:36', '2023-02-03 08:22:36', NULL);

-- ----------------------------
-- Table structure for withdrawal
-- ----------------------------
DROP TABLE IF EXISTS `withdrawal`;
CREATE TABLE `withdrawal`  (
  `id` int(11) NOT NULL AUTO_INCREMENT,
  `user_id` int(11) NULL DEFAULT NULL,
  `bank_name` varchar(255) CHARACTER SET utf8mb4 COLLATE utf8mb4_general_ci NULL DEFAULT NULL,
  `account_number` varchar(255) CHARACTER SET utf8mb4 COLLATE utf8mb4_general_ci NULL DEFAULT NULL,
  `account_name` varchar(255) CHARACTER SET utf8mb4 COLLATE utf8mb4_general_ci NULL DEFAULT NULL,
  `total` decimal(10, 0) NULL DEFAULT NULL,
  `status` varchar(255) CHARACTER SET utf8mb4 COLLATE utf8mb4_general_ci NULL DEFAULT NULL,
  `created_at` datetime(0) NULL DEFAULT NULL,
  `updated_at` datetime(0) NULL DEFAULT NULL,
  `deleted_at` datetime(0) NULL DEFAULT NULL,
  PRIMARY KEY (`id`) USING BTREE,
  INDEX `user_id`(`user_id`) USING BTREE,
  CONSTRAINT `withdrawal_ibfk_1` FOREIGN KEY (`user_id`) REFERENCES `users` (`id`) ON DELETE RESTRICT ON UPDATE RESTRICT
) ENGINE = InnoDB AUTO_INCREMENT = 2 CHARACTER SET = utf8mb4 COLLATE = utf8mb4_general_ci ROW_FORMAT = Dynamic;

-- ----------------------------
-- Records of withdrawal
-- ----------------------------
INSERT INTO `withdrawal` VALUES (1, 4, 'BCA', '93828327', 'Kurniawan SPN', 225000, '1', '2023-02-17 10:23:38', '2023-02-17 11:24:42', NULL);

SET FOREIGN_KEY_CHECKS = 1;
